date;radiation;production
2011-01-01;42,8;661.0
2011-01-02;12,3;74.0
2011-01-03;37,8;754.0
2011-01-04;27,2;159.0
2011-01-05;41,3;706.0
2011-01-06;25,7;410.0
2011-01-07;5,4;65.0
2011-01-08;7,2;88.0
2011-01-09;66,2;1429.0
2011-01-10;21;395.0
2011-01-11;11,9;138.0
2011-01-12;24,9;498.0
2011-01-13;37,4;712.0
2011-01-14;67,7;2034.0
2011-01-15;73,1;2156.0
2011-01-16;57,7;1300.0
2011-01-17;62,8;1600.0
2011-01-18;86;2329.0
2011-01-19;18,5;284.0
2011-01-20;33,4;760.0
2011-01-21;40,4;798.0
2011-01-22;93,7;2942.0
2011-01-23;96,1;3038.0
2011-01-24;54,8;1027.0
2011-01-25;36,1;656.0
2011-01-26;38,2;805.0
2011-01-27;24,8;400.0
2011-01-28;54,4;1268.0
2011-01-29;33,4;551.0
2011-01-30;27,2;508.0
2011-01-31;15;219.0
2011-02-01;36,8;631.0
2011-02-02;63,6;1600.0
2011-02-03;67,1;1686.0
2011-02-04;113,5;1743.0
2011-02-05;95,3;2791.0
2011-02-06;128,1;3653.0
2011-02-07;118;3619.0
2011-02-08;119,2;3604.0
2011-02-09;115,1;3461.0
2011-02-10;115,4;3353.0
2011-02-11;119;3132.0
2011-02-12;50,1;1086.0
2011-02-13;16,8;296.0
2011-02-14;18,5;358.0
2011-02-15;10,7;224.0
2011-02-16;10,3;229.0
2011-02-17;32;463.0
2011-02-18;65,3;561.0
2011-02-19;44,5;1510.0
2011-02-20;44,5;
2011-02-21;40,9;
2011-02-22;44,9;1170.0
2011-02-23;168,3;3328.0
2011-02-24;148,1;4082.0
2011-02-25;157,7;
2011-02-26;92,4;
2011-02-27;77,7;
2011-02-28;19,7;402.0
2011-03-01;29,7;595.0
2011-03-02;61;1189.0
2011-03-03;48,8;710.0
2011-03-04;93,8;2355.0
2011-03-05;100;2746.0
2011-03-06;49,4;894.0
2011-03-07;185,7;5201.0
2011-03-08;183,4;4907.0
2011-03-09;166,8;4502.0
2011-03-10;160,7;3576.0
2011-03-11;173,3;4212.0
2011-03-12;175,7;4207.0
2011-03-13;35,6;646.0
2011-03-14;83,6;1829.0
2011-03-15;63,8;1288.0
2011-03-16;18,6;285.0
2011-03-17;114,8;2107.0
2011-03-18;105,1;1521.0
2011-03-19;101,7;2119.0
2011-03-20;223,6;5401.0
2011-03-21;175,6;3950.0
2011-03-22;209,6;4838.0
2011-03-23;219;4978.0
2011-03-24;219,4;4865.0
2011-03-25;217,8;4879.0
2011-03-26;210,9;4730.0
2011-03-27;49,5;849.0
2011-03-28;74,3;1468.0
2011-03-29;178,2;3910.0
2011-03-30;218,7;5127.0
2011-03-31;231;4865.0
2011-04-01;131,6;2539.0
2011-04-02;235,7;4926.0
2011-04-03;242,8;5005.0
2011-04-04;182,6;3698.0
2011-04-05;190,6;3921.0
2011-04-06;243,9;4811.0
2011-04-07;241,4;4750.0
2011-04-08;158,5;2975.0
2011-04-09;257;5065.0
2011-04-10;266,6;5397.0
2011-04-11;228,6;4434.0
2011-04-12;201,1;3975.0
2011-04-13;252,8;4765.0
2011-04-14;178,9;3497.0
2011-04-15;174,7;3729.0
2011-04-16;160,8;3339.0
2011-04-17;195,9;3755.0
2011-04-18;268,4;4742.0
2011-04-19;274,4;5374.0
2011-04-20;282,5;5395.0
2011-04-21;287,6;5499.0
2011-04-22;286;5365.0
2011-04-23;242;4702.0
2011-04-24;257,5;5027.0
2011-04-25;185,5;3304.0
2011-04-26;232,2;4335.0
2011-04-27;124,2;2275.0
2011-04-28;74,2;1439.0
2011-04-29;58;1044.0
2011-04-30;181,2;3043.0
2011-05-01;257,4;4667.0
2011-05-02;198,6;3375.0
2011-05-03;276,7;5177.0
2011-05-04;262,2;4949.0
2011-05-05;311,9;5794.0
2011-05-06;317,2;5775.0
2011-05-07;308,1;5515.0
2011-05-08;219,3;3867.0
2011-05-09;325,5;5612.0
2011-05-10;322;5732.0
2011-05-11;290,5;5036.0
2011-05-12;273,1;4588.0
2011-05-13;259,6;4776.0
2011-05-14;260,2;4563.0
2011-05-15;20,4;331.0
2011-05-16;253,3;4289.0
2011-05-17;253,4;4543.0
2011-05-18;310;5412.0
2011-05-19;325,3;5403.0
2011-05-20;245,6;4136.0
2011-05-21;282,9;4824.0
2011-05-22;322,9;5324.0
2011-05-23;211,5;3692.0
2011-05-24;303,5;5083.0
2011-05-25;296,8;5102.0
2011-05-26;336,2;5535.0
2011-05-27;293;5205.0
2011-05-28;112,1;2098.0
2011-05-29;314,2;5636.0
2011-05-30;347,8;5825.0
2011-05-31;309,8;5192.0
2011-06-01;205,8;3179.0
2011-06-02;253,2;4483.0
2011-06-03;195,2;3569.0
2011-06-04;213,8;3780.0
2011-06-05;191,2;3125.0
2011-06-06;186,9;3457.0
2011-06-07;143,2;2686.0
2011-06-08;221,5;4071.0
2011-06-09;160,8;2867.0
2011-06-10;242,6;4353.0
2011-06-11;290,5;5263.0
2011-06-12;209,7;3902.0
2011-06-13;231,5;4005.0
2011-06-14;193,8;2964.0
2011-06-15;302,7;5222.0
2011-06-16;325;5257.0
2011-06-17;199,4;3281.0
2011-06-18;259,2;4322.0
2011-06-19;91,5;1482.0
2011-06-20;318,5;5351.0
2011-06-21;349,5;5638.0
2011-06-22;326,5;5403.0
2011-06-23;292,3;4802.0
2011-06-24;50,4;907.0
2011-06-25;307,5;5170.0
2011-06-26;264,1;4058.0
2011-06-27;317,1;5295.0
2011-06-28;303,2;5221.0
2011-06-29;348,7;5431.0
2011-06-30;168,7;2813.0
2011-07-01;224,4;3940.0
2011-07-02;261,5;4705.0
2011-07-03;305,7;5152.0
2011-07-04;330,2;5607.0
2011-07-05;237,3;3871.0
2011-07-06;302;5051.0
2011-07-07;302,9;5118.0
2011-07-08;321,6;5404.0
2011-07-09;334,2;5134.0
2011-07-10;332,7;5165.0
2011-07-11;298,9;4875.0
2011-07-12;309;5069.0
2011-07-13;287,3;4553.0
2011-07-14;274,1;4332.0
2011-07-15;105,1;1807.0
2011-07-16;259,3;4495.0
2011-07-17;241,4;4122.0
2011-07-18;190,5;3540.0
2011-07-19;235;4140.0
2011-07-20;216,5;3841.0
2011-07-21;331,3;5685.0
2011-07-22;267,5;4386.0
2011-07-23;131,9;2578.0
2011-07-24;58,6;1032.0
2011-07-25;116,7;2118.0
2011-07-26;250,2;4447.0
2011-07-27;275,5;4967.0
2011-07-28;142,4;2298.0
2011-07-29;237,2;4021.0
2011-07-30;173,2;3073.0
2011-07-31;249,1;4670.0
2011-08-01;187,5;3537.0
2011-08-02;305,7;5169.0
2011-08-03;282,7;4940.0
2011-08-04;235,2;4598.0
2011-08-05;235,1;4463.0
2011-08-06;201,3;3509.0
2011-08-07;258,9;4736.0
2011-08-08;152,2;3034.0
2011-08-09;182,5;3366.0
2011-08-10;272,2;4728.0
2011-08-11;302;5444.0
2011-08-12;287;5072.0
2011-08-13;248,6;4491.0
2011-08-14;287,8;5021.0
2011-08-15;249,9;4493.0
2011-08-16;269,3;4894.0
2011-08-17;288,3;5116.0
2011-08-18;283,3;4955.0
2011-08-19;270,3;4468.0
2011-08-20;272,1;
2011-08-21;270,2;
2011-08-22;259,4;4729.0
2011-08-23;261,6;4615.0
2011-08-24;266,2;4791.0
2011-08-25;261,4;4706.0
2011-08-26;260,8;4699.0
2011-08-27;204,2;3981.0
2011-08-28;184,8;3344.0
2011-08-29;260,2;5036.0
2011-08-30;219,7;4404.0
2011-08-31;237,8;4633.0
2011-09-01;186,4;3596.0
2011-09-02;229,9;4414.0
2011-09-03;248;4707.0
2011-09-04;215,1;4086.0
2011-09-05;138,4;3034.0
2011-09-06;236,5;4796.0
2011-09-07;209,3;4217.0
2011-09-08;110,8;2113.0
2011-09-09;228;4540.0
2011-09-10;232,9;4711.0
2011-09-11;229,3;4749.0
2011-09-12;194,7;3788.0
2011-09-13;216,8;4273.0
2011-09-14;212,3;4351.0
2011-09-15;208,7;3275.0
2011-09-16;206,1;
2011-09-17;204,3;
2011-09-18;158;
2011-09-19;26;
2011-09-20;146,4;
2011-09-21;188,5;
2011-09-22;92,6;
2011-09-23;186,2;
2011-09-24;167,3;
2011-09-25;187,2;
2011-09-26;187,9;
2011-09-27;180;2894.0
2011-09-28;181,4;3432.0
2011-09-29;187,2;4332.0
2011-09-30;188;4397.0
2011-10-01;186,6;4300.0
2011-10-02;180;3973.0
2011-10-03;183;4196.0
2011-10-04;157,4;4127.0
2011-10-05;162,3;3790.0
2011-10-06;166,8;3746.0
2011-10-07;6,6;60.0
2011-10-08;106,7;2224.0
2011-10-09;163,9;3977.0
2011-10-10;97,8;2079.0
2011-10-11;139,2;3255.0
2011-10-12;94;1853.0
2011-10-13;21,2;392.0
2011-10-14;163,5;4465.0
2011-10-15;162,4;4475.0
2011-10-16;141;3529.0
2011-10-17;150,3;4208.0
2011-10-18;146,8;4052.0
2011-10-19;31,2;590.0
2011-10-20;5,1;65.0
2011-10-21;84,1;1815.0
2011-10-22;42,7;740.0
2011-10-23;32,7;561.0
2011-10-24;48,2;869.0
2011-10-25;35,8;770.0
2011-10-26;16,8;257.0
2011-10-27;28,8;494.0
2011-10-28;47;1004.0
2011-10-29;25,1;391.0
2011-10-30;40,2;671.0
2011-10-31;75,5;1554.0
2011-11-01;21,7;354.0
2011-11-02;18,7;298.0
2011-11-03;28,1;477.0
2011-11-04;46,7;1024.0
2011-11-05;69,9;1516.0
2011-11-06;33,3;523.0
2011-11-07;33,2;717.0
2011-11-08;22,9;383.0
2011-11-09;52,1;1154.0
2011-11-10;14,3;223.0
2011-11-11;44,3;1026.0
2011-11-12;82,9;1466.0
2011-11-13;78,5;2102.0
2011-11-14;58,2;753.0
2011-11-15;40,9;498.0
2011-11-16;49,2;673.0
2011-11-17;36,8;22.0
2011-11-18;31,6;160.0
2011-11-19;28,5;340.0
2011-11-20;15,6;210.0
2011-11-21;14;213.0
2011-11-22;23,3;347.0
2011-11-23;12,8;203.0
2011-11-24;18,4;296.0
2011-11-25;22,9;414.0
2011-11-26;15,2;220.0
2011-11-27;51,4;1197.0
2011-11-28;85,4;1677.0
2011-11-29;41,3;
2011-11-30;42,7;484.0
2011-12-01;49;442.0
2011-12-02;15,2;181.0
2011-12-03;23,9;460.0
2011-12-04;57,5;1325.0
2011-12-05;14,5;185.0
2011-12-06;57,5;1415.0
2011-12-07;24,6;488.0
2011-12-08;76;2281.0
2011-12-09;26;494.0
2011-12-10;34;594.0
2011-12-11;15;231.0
2011-12-12;9,6;114.0
2011-12-13;38,9;918.0
2011-12-14;9,4;166.0
2011-12-15;15,3;203.0
2011-12-16;15,6;230.0
2011-12-17;28,3;529.0
2011-12-18;22,8;437.0
2011-12-19;20,4;74.0
2011-12-20;35,9;403.0
2011-12-21;40,3;649.0
2011-12-22;34,3;502.0
2011-12-23;51,7;1068.0
2011-12-24;13,4;119.0
2011-12-25;62,9;1292.0
2011-12-26;29,6;525.0
2011-12-27;22,9;379.0
2011-12-28;8,4;126.0
2011-12-29;22;295.0
2011-12-30;17,8;263.0
2011-12-31;43;765.0
2012-01-01;55,1;1353.0
2012-01-02;14,8;263.0
2012-01-03;16,1;268.0
2012-01-04;20,2;338.0
2012-01-05;26,5;448.0
2012-01-06;76,2;2141.0
2012-01-07;59,4;1494.0
2012-01-08;74,9;2300.0
2012-01-09;78,3;2451.0
2012-01-10;76,8;2331.0
2012-01-11;76,7;2317.0
2012-01-12;79,6;2400.0
2012-01-13;57,9;1482.0
2012-01-14;68,8;2753.0
2012-01-15;89,8;2829.0
2012-01-16;79,2;2709.0
2012-01-17;72,1;2115.0
2012-01-18;81,8;2544.0
2012-01-19;31,8;590.0
2012-01-20;6,2;65.0
2012-01-21;69,5;1739.0
2012-01-22;71;2179.0
2012-01-23;66,2;1932.0
2012-01-24;42,7;975.0
2012-01-25;96,2;2914.0
2012-01-26;95,7;3037.0
2012-01-27;84;3047.0
2012-01-28;76,1;2149.0
2012-01-29;69,9;1337.0
2012-01-30;80,9;2187.0
2012-01-31;69,8;1698.0
2012-02-01;42,4;827.0
2012-02-02;61,7;1315.0
2012-02-03;47,8;909.0
2012-02-04;27,3;547.0
2012-02-05;97,8;2855.0
2012-02-06;70,8;1516.0
2012-02-07;52,4;760.0
2012-02-08;113,4;3305.0
2012-02-09;108,7;3283.0
2012-02-10;69,3;1287.0
2012-02-11;61,4;1193.0
2012-02-12;41,3;253.0
2012-02-13;126,4;1023.0
2012-02-14;116,5;3014.0
2012-02-15;103,9;2330.0
2012-02-16;146,6;4426.0
2012-02-17;125,4;3656.0
2012-02-18;126,1;3370.0
2012-02-19;53,8;1238.0
2012-02-20;39,5;724.0
2012-02-21;135,1;3782.0
2012-02-22;134,2;3486.0
2012-02-23;135,5;3362.0
2012-02-24;153,5;3986.0
2012-02-25;142,3;3536.0
2012-02-26;115,2;2911.0
2012-02-27;163,9;4524.0
2012-02-28;101,2;2522.0
2012-02-29;175,4;4311.0
2012-03-01;160,7;4226.0
2012-03-02;150,9;3389.0
2012-03-03;104,3;2362.0
2012-03-04;132,9;3111.0
2012-03-05;125,1;2856.0
2012-03-06;176,4;4512.0
2012-03-07;175,1;4419.0
2012-03-08;174,5;4316.0
2012-03-09;180,6;4607.0
2012-03-10;192,9;4859.0
2012-03-11;177,2;3775.0
2012-03-12;186,4;4327.0
2012-03-13;177,1;4285.0
2012-03-14;195,1;4607.0
2012-03-15;141,1;3147.0
2012-03-16;203,6;4708.0
2012-03-17;206,2;4807.0
2012-03-18;49,6;1337.0
2012-03-19;75,2;1533.0
2012-03-20;173,5;4331.0
2012-03-21;182,1;4044.0
2012-03-22;205,5;4596.0
2012-03-23;200,3;4177.0
2012-03-24;193,9;3996.0
2012-03-25;204,8;3679.0
2012-03-26;226,4;4973.0
2012-03-27;229,7;4986.0
2012-03-28;229,3;4929.0
2012-03-29;164;3183.0
2012-03-30;192,7;3636.0
2012-03-31;187,4;4015.0
2012-04-01;231,7;4764.0
2012-04-02;329,7;4016.0
2012-04-03;130,2;4764.0
2012-04-04;108;2667.0
2012-04-05;126,6;2357.0
2012-04-06;115,9;2401.0
2012-04-07;100,5;1988.0
2012-04-08;61,6;1069.0
2012-04-09;264;5715.0
2012-04-10;245,8;5023.0
2012-04-11;70,2;1290.0
2012-04-12;230;4605.0
2012-04-13;129,6;2166.0
2012-04-14;50,1;772.0
2012-04-15;96,6;1736.0
2012-04-16;76,3;1174.0
2012-04-17;237,8;4897.0
2012-04-18;143,7;3234.0
2012-04-19;184,6;3234.0
2012-04-20;145,3;2633.0
2012-04-21;175,9;3527.0
2012-04-22;93,8;1393.0
2012-04-23;110,3;2119.0
2012-04-24;86,8;1423.0
2012-04-25;280,5;5322.0
2012-04-26;307,4;5815.0
2012-04-27;310,6;5603.0
2012-04-28;306,6;5276.0
2012-04-29;277,4;5146.0
2012-04-30;253,7;4394.0
2012-05-01;259,4;4693.0
2012-05-02;228;4069.0
2012-05-03;307,2;5482.0
2012-05-04;287,9;5164.0
2012-05-05;310,2;5601.0
2012-05-06;104,2;2167.0
2012-05-07;144,8;2749.0
2012-05-08;302,5;5401.0
2012-05-09;312,2;5513.0
2012-05-10;332,4;5288.0
2012-05-11;435,8;5034.0
2012-05-12;237,3;4124.0
2012-05-13;107,4;1998.0
2012-05-14;233,8;4040.0
2012-05-15;313,1;5657.0
2012-05-16;41,5;767.0
2012-05-17;312,7;5340.0
2012-05-18;327,9;5802.0
2012-05-19;332,2;5730.0
2012-05-20;260,8;5103.0
2012-05-21;46;921.0
2012-05-22;65,2;1168.0
2012-05-23;222,6;3829.0
2012-05-24;223;4037.0
2012-05-25;305,9;4890.0
2012-05-26;286,4;5262.0
2012-05-27;294,9;4873.0
2012-05-28;263;4450.0
2012-05-29;244,1;3874.0
2012-05-30;289,7;5041.0
2012-05-31;220,6;3816.0
2012-06-01;205,1;3528.0
2012-06-02;59;1127.0
2012-06-03;219;4045.0
2012-06-04;136,7;2314.0
2012-06-05;242;4696.0
2012-06-06;263,8;4775.0
2012-06-07;233,7;3464.0
2012-06-08;316,1;5139.0
2012-06-09;51,8;922.0
2012-06-10;216,5;3564.0
2012-06-11;102,1;1813.0
2012-06-12;91,4;1549.0
2012-06-13;146,9;2573.0
2012-06-14;321,5;5371.0
2012-06-15;341;5584.0
2012-06-16;354,4;5458.0
2012-06-17;334,5;5445.0
2012-06-18;344,2;5277.0
2012-06-19;333,7;5188.0
2012-06-20;315,6;5019.0
2012-06-21;323,4;4636.0
2012-06-22;226,8;3512.0
2012-06-23;182,2;3334.0
2012-06-24;333,2;5272.0
2012-06-25;201,9;3439.0
2012-06-26;332,4;5539.0
2012-06-27;332,3;2066.0
2012-06-28;332,7;5304.0
2012-06-29;333,3;5298.0
2012-06-30;328,4;5235.0
2012-07-01;324,9;5031.0
2012-07-02;304,8;4869.0
2012-07-03;251;4293.0
2012-07-04;318,3;5016.0
2012-07-05;169,7;2637.0
2012-07-06;139,7;2085.0
2012-07-07;313,4;4810.0
2012-07-08;341,6;5465.0
2012-07-09;288,7;4348.0
2012-07-10;282,8;4593.0
2012-07-11;320,8;5283.0
2012-07-12;147,4;2507.0
2012-07-13;194;3278.0
2012-07-14;239;3798.0
2012-07-15;107,5;1858.0
2012-07-16;107,5;4563.0
2012-07-17;279,6;5583.0
2012-07-18;334,4;5420.0
2012-07-19;332,8;5379.0
2012-07-20;315,1;5208.0
2012-07-21;60,5;1091.0
2012-07-22;121,9;2099.0
2012-07-23;227,4;4715.0
2012-07-24;229,7;4098.0
2012-07-25;144,5;2547.0
2012-07-26;228,6;3903.0
2012-07-27;310,2;5054.0
2012-07-28;293,2;4847.0
2012-07-29;296,1;4813.0
2012-07-30;274,1;4751.0
2012-07-31;302,2;5235.0
2012-08-01;313,9;5223.0
2012-08-02;301,9;5020.0
2012-08-03;296;4890.0
2012-08-04;296,1;4979.0
2012-08-05;285,4;4940.0
2012-08-06;254,5;4859.0
2012-08-07;210,8;3537.0
2012-08-08;292,1;5248.0
2012-08-09;242,3;4357.0
2012-08-10;288,4;4754.0
2012-08-11;239,9;4091.0
2012-08-12;256,2;4796.0
2012-08-13;273,5;5017.0
2012-08-14;275,3;4945.0
2012-08-15;281,1;5002.0
2012-08-16;176,5;3023.0
2012-08-17;282,3;5022.0
2012-08-18;278,8;4981.0
2012-08-19;278,2;4954.0
2012-08-20;283,3;5004.0
2012-08-21;260,2;4677.0
2012-08-22;255,5;4052.0
2012-08-23;164,5;3055.0
2012-08-24;260,2;4735.0
2012-08-25;260,9;4783.0
2012-08-26;22,9;378.0
2012-08-27;257,5;4704.0
2012-08-28;262,7;5086.0
2012-08-29;244,4;4607.0
2012-08-30;237;4564.0
2012-08-31;29,5;461.0
2012-09-01;30,1;535.0
2012-09-02;134,4;2493.0
2012-09-03;154,8;2947.0
2012-09-04;163,1;2851.0
2012-09-05;147,2;2763.0
2012-09-06;178,1;3352.0
2012-09-07;242,9;5029.0
2012-09-08;241,2;4821.0
2012-09-09;240,6;4860.0
2012-09-10;208,1;4152.0
2012-09-11;213,5;4371.0
2012-09-12;69,3;1313.0
2012-09-13;32,4;541.0
2012-09-14;75,7;1276.0
2012-09-15;208,1;4009.0
2012-09-16;145,9;2699.0
2012-09-17;218,8;4508.0
2012-09-18;187,4;3894.0
2012-09-19;78,7;1307.0
2012-09-20;196,8;4935.0
2012-09-21;209,8;4622.0
2012-09-22;176,2;4270.0
2012-09-23;80;1527.0
2012-09-24;76,1;1597.0
2012-09-25;177,5;3767.0
2012-09-26;87,5;1661.0
2012-09-27;103,4;2098.0
2012-09-28;66,2;1041.0
2012-09-29;109,4;2253.0
2012-09-30;56,2;1089.0
2012-10-01;152,5;3672.0
2012-10-02;52,4;1039.0
2012-10-03;145,1;3288.0
2012-10-04;101,7;2004.0
2012-10-05;121,6;2711.0
2012-10-06;143,5;3090.0
2012-10-07;71,1;1462.0
2012-10-08;168,3;4147.0
2012-10-09;110,9;2666.0
2012-10-10;20,9;401.0
2012-10-11;42,1;740.0
2012-10-12;38,7;677.0
2012-10-13;14,5;261.0
2012-10-14;106,1;2288.0
2012-10-15;86,2;1919.0
2012-10-16;96,4;1879.0
2012-10-17;109,1;2914.0
2012-10-18;128,1;3296.0
2012-10-19;145,3;3867.0
2012-10-20;135,7;3479.0
2012-10-21;123,5;2945.0
2012-10-22;86;1765.0
2012-10-23;104,4;2397.0
2012-10-24;33,1;539.0
2012-10-25;86,5;1955.0
2012-10-26;38,3;647.0
2012-10-27;27,4;499.0
2012-10-28;22,1;158.0
2012-10-29;68,8;1220.0
2012-10-30;82,2;2126.0
2012-10-31;29,6;570.0
2012-11-01;15,3;265.0
2012-11-02;75,9;1681.0
2012-11-03;62,1;1209.0
2012-11-04;31;739.0
2012-11-05;50,2;1043.0
2012-11-06;36,9;634.0
2012-11-07;86,34;2233.0
2012-11-08;66,8;1802.0
2012-11-09;101,8;3175.0
2012-11-10;25,4;485.0
2012-11-11;47,8;931.0
2012-11-12;19,5;322.0
2012-11-13;37,9;725.0
2012-11-14;50,4;1009.0
2012-11-15;29,9;510.0
2012-11-16;11,5;183.0
2012-11-17;79,2;2415.0
2012-11-18;38,9;782.0
2012-11-19;16,6;273.0
2012-11-20;16,5;298.0
2012-11-21;20,7;358.0
2012-11-22;31,2;575.0
2012-11-23;15,2;287.0
2012-11-24;41,6;986.0
2012-11-25;66,5;1556.0
2012-11-26;15,9;258.0
2012-11-27;37;910.0
2012-11-28;22,5;490.0
2012-11-29;36,4;880.0
2012-11-30;18,2;315.0
2012-12-01;19,5;342.0
2012-12-02;10,2;165.0
2012-12-03;66;1353.0
2012-12-04;10,7;374.0
2012-12-05;5,3;30.0
2012-12-06;29,8;141.0
2012-12-07;41,6;421.0
2012-12-08;23,1;0.0
2012-12-09;92,8;32.0
2012-12-10;45,4;8.0
2012-12-11;76,7;23.0
2012-12-12;27,2;0.0
2012-12-13;58;33.0
2012-12-14;8,4;0.0
2012-12-15;10,2;3.0
2012-12-16;22;238.0
2012-12-17;14,4;189.0
2012-12-18;29;538.0
2012-12-19;63,1;1972.0
2012-12-20;32,3;368.0
2012-12-21;20,9;302.0
2012-12-22;10,5;158.0
2012-12-23;44,9;1121.0
2012-12-24;22,5;367.0
2012-12-25;7,3;133.0
2012-12-26;4;41.0
2012-12-27;32,7;570.0
2012-12-28;47,2;1195.0
2012-12-29;50,8;1225.0
2012-12-30;14;163.0
2012-12-31;40,2;339.0
2013-01-01;54,4;958.0
2013-01-02;14;231.0
2013-01-03;52,5;1128.0
2013-01-04;21,7;456.0
2013-01-05;52,4;1408.0
2013-01-06;59,4;1694.0
2013-01-07;11,4;201.0
2013-01-08;36,4;687.0
2013-01-09;45,3;1024.0
2013-01-10;43,9;931.0
2013-01-11;63,9;1880.0
2013-01-12;68,5;1997.0
2013-01-13;13,9;9.0
2013-01-14;2,7;0.0
2013-01-15;22,6;0.0
2013-01-16;3,6;0.0
2013-01-17;20,5;0.0
2013-01-18;33,3;0.0
2013-01-19;37,1;0.0
2013-01-20;20,6;0.0
2013-01-21;27;23.0
2013-01-22;30,3;226.0
2013-01-23;45,7;403.0
2013-01-24;21,5;210.0
2013-01-25;48,5;588.0
2013-01-26;71,1;1416.0
2013-01-27;80;1578.0
2013-01-28;35,4;595.0
2013-01-29;82,3;2165.0
2013-01-30;73,9;1821.0
2013-01-31;109,7;3462.0
2013-02-01;50,2;1078.0
2013-02-02;5,6;66.0
2013-02-03;69,8;1443.0
2013-02-04;110,5;3322.0
2013-02-05;16,9;343.0
2013-02-06;7,9;8.0
2013-02-07;59,7;609.0
2013-02-08;70,1;765.0
2013-02-09;34,7;404.0
2013-02-10;89,7;566.0
2013-02-11;28,1;202.0
2013-02-12;7,3;0.0
2013-02-13;26,4;0.0
2013-02-14;48,2;14.0
2013-02-15;41,8;182.0
2013-02-16;64,4;486.0
2013-02-17;61,2;511.0
2013-02-18;54;668.0
2013-02-19;132,3;2648.0
2013-02-20;69;1597.0
2013-02-21;54,3;844.0
2013-02-22;25,4;1.0
2013-02-23;77;0.0
2013-02-24;30,3;0.0
2013-02-25;67,8;0.0
2013-02-26;61,6;0.0
2013-02-27;32,3;11.0
2013-02-28;61,2;112.0
2013-03-01;130,2;1134.0
2013-03-02;140,9;1894.0
2013-03-03;182,8;3754.0
2013-03-04;178,9;4508.0
2013-03-05;152,1;3556.0
2013-03-06;21,8;423.0
2013-03-07;46,4;829.0
2013-03-08;88,2;1846.0
2013-03-09;46,4;881.0
2013-03-10;29,5;500.0
2013-03-11;116,7;2328.0
2013-03-12;31,5;687.0
2013-03-13;37,9;687.0
2013-03-14;22,3;403.0
2013-03-15;152,7;2851.0
2013-03-16;210,3;5137.0
2013-03-17;27,1;541.0
2013-03-18;15,9;220.0
2013-03-19;211,6;5173.0
2013-03-20;147,5;3101.0
2013-03-21;179,1;3941.0
2013-03-22;228,9;5317.0
2013-03-23;106,8;2252.0
2013-03-24;45,1;97.0
2013-03-25;28,6;78.0
2013-03-26;82,7;166.0
2013-03-27;89,1;616.0
2013-03-28;208,5;3734.0
2013-03-29;31,2;544.0
2013-03-30;26,9;575.0
2013-03-31;37,6;659.0
2013-04-01;36,2;623.0
2013-04-02;61;1168.0
2013-04-03;67,5;1322.0
2013-04-04;118,4;2367.0
2013-04-05;47,3;901.0
2013-04-06;76,2;1354.0
2013-04-07;93,1;1694.0
2013-04-08;181,2;3685.0
2013-04-09;150,2;3219.0
2013-04-10;268,9;5731.0
2013-04-11;168;3338.0
2013-04-12;23,9;355.0
2013-04-13;207,8;4113.0
2013-04-14;272,2;5394.0
2013-04-15;266,9;5319.0
2013-04-16;202,3;4057.0
2013-04-17;232,6;4388.0
2013-04-18;268,1;5104.0
2013-04-19;124,1;2587.0
2013-04-20;168,1;2948.0
2013-04-21;197,9;3843.0
2013-04-22;63,2;1165.0
2013-04-23;228,6;4098.0
2013-04-24;303,5;5722.0
2013-04-25;296,8;5440.0
2013-04-26;249,1;4797.0
2013-04-27;128,4;2366.0
2013-04-28;192,8;3164.0
2013-04-29;208,8;3874.0
2013-04-30;219,2;3907.0
2013-05-01;264,3;4766.0
2013-05-02;65;1181.0
2013-05-03;285,1;5200.0
2013-05-04;232,1;3964.0
2013-05-05;76,9;1322.0
2013-05-06;51;1037.0
2013-05-07;138,1;2735.0
2013-05-08;246,1;4484.0
2013-05-09;243,5;4367.0
2013-05-10;170,7;3089.0
2013-05-11;78,6;1465.0
2013-05-12;153,5;2775.0
2013-05-13;313,7;5684.0
2013-05-14;321,9;5668.0
2013-05-15;283,1;5126.0
2013-05-16;59;1055.0
2013-05-17;57,3;1000.0
2013-05-18;327,4;5915.0
2013-05-19;188,4;3355.0
2013-05-20;278;4511.0
2013-05-21;299,6;5415.0
2013-05-22;330,1;5674.0
2013-05-23;106,7;2116.0
2013-05-24;54,2;1074.0
2013-05-25;103,1;1865.0
2013-05-26;228,7;4341.0
2013-05-27;310,1;5407.0
2013-05-28;274,2;4596.0
2013-05-29;200,9;3416.0
2013-05-30;69,3;1351.0
2013-05-31;96,4;1909.0
2013-06-01;224,2;3519.0
2013-06-02;180,3;2961.0
2013-06-03;316,6;5244.0
2013-06-04;188,2;3450.0
2013-06-05;235,5;4025.0
2013-06-06;240,1;4259.0
2013-06-07;257,6;4325.0
2013-06-08;237,2;4663.0
2013-06-09;238,9;4028.0
2013-06-10;263,8;4791.0
2013-06-11;217,4;3492.0
2013-06-12;312,1;4824.0
2013-06-13;356,3;5761.0
2013-06-14;324,1;5362.0
2013-06-15;326,9;5171.0
2013-06-16;336,6;5244.0
2013-06-17;333,5;5196.0
2013-06-18;340,5;5176.0
2013-06-19;346,3;5176.0
2013-06-20;350,2;5408.0
2013-06-21;342,4;5505.0
2013-06-22;304,5;4703.0
2013-06-23;285,1;4482.0
2013-06-24;64;956.0
2013-06-25;155,6;2787.0
2013-06-26;220,8;3960.0
2013-06-27;222,8;4131.0
2013-06-28;193;3699.0
2013-06-29;296,1;5527.0
2013-06-30;306,8;5149.0
2013-07-01;319;5278.0
2013-07-02;340,5;5532.0
2013-07-03;310,4;5179.0
2013-07-04;271,2;4760.0
2013-07-05;271,3;4382.0
2013-07-06;227,6;4210.0
2013-07-07;188,9;3975.0
2013-07-08;431,6;5378.0
2013-07-09;323,9;5408.0
2013-07-10;360,6;4384.0
2013-07-11;193,3;3199.0
2013-07-12;304,5;4771.0
2013-07-13;258;4538.0
2013-07-14;316,2;4660.0
2013-07-15;291,9;4659.0
2013-07-16;323,4;5494.0
2013-07-17;333,1;5514.0
2013-07-18;315,2;5492.0
2013-07-19;300,2;5075.0
2013-07-20;306,7;5783.0
2013-07-21;351,9;5336.0
2013-07-22;499,1;5511.0
2013-07-23;259,3;4421.0
2013-07-24;152,8;2626.0
2013-07-25;298,2;4967.0
2013-07-26;312,9;5042.0
2013-07-27;274,1;4322.0
2013-07-28;303,5;5101.0
2013-07-29;265,1;4473.0
2013-07-30;304,6;5146.0
2013-07-31;315,5;5240.0
2013-08-01;318;5281.0
2013-08-02;315,3;5071.0
2013-08-03;314;5154.0
2013-08-04;295,5;4810.0
2013-08-05;283;4700.0
2013-08-06;295,3;4716.0
2013-08-07;292,4;4798.0
2013-08-08;282,5;4113.0
2013-08-09;209,6;3033.0
2013-08-10;200;3219.0
2013-08-11;390;5273.0
2013-08-12;419,3;5219.0
2013-08-13;276,9;4886.0
2013-08-14;64,2;1062.0
2013-08-15;263,5;4919.0
2013-08-16;295,8;5389.0
2013-08-17;289,1;5137.0
2013-08-18;282,4;4960.0
2013-08-19;281,6;5056.0
2013-08-20;76,8;1182.0
2013-08-21;220,2;4046.0
2013-08-22;251,4;4701.0
2013-08-23;228,9;4233.0
2013-08-24;293;4848.0
2013-08-25;72;1355.0
2013-08-26;110;1101.0
2013-08-27;248,8;3368.0
2013-08-28;94,1;1611.0
2013-08-29;212,6;4227.0
2013-08-30;246,4;4831.0
2013-08-31;245,5;4669.0
2013-09-01;158,9;3073.0
2013-09-02;185,5;3643.0
2013-09-03;211,7;4116.0
2013-09-04;228,1;4742.0
2013-09-05;232,2;4756.0
2013-09-06;186,8;3561.0
2013-09-07;228,6;4572.0
2013-09-08;167,5;3307.0
2013-09-09;86,1;1343.0
2013-09-10;52,4;940.0
2013-09-11;38,6;657.0
2013-09-12;132,6;2633.0
2013-09-13;143,7;2821.0
2013-09-14;214,7;4398.0
2013-09-15;84;1599.0
2013-09-16;165,1;3300.0
2013-09-17;112,8;2307.0
2013-09-18;113;2177.0
2013-09-19;190,9;4551.0
2013-09-20;194,2;4256.0
2013-09-21;183;3897.0
2013-09-22;202,8;4398.0
2013-09-23;182,1;3950.0
2013-09-24;156,8;3437.0
2013-09-25;108,9;2228.0
2013-09-26;158;3322.0
2013-09-27;22;396.0
2013-09-28;25,2;542.0
2013-09-29;16,5;249.0
2013-09-30;26,6;462.0
2013-10-01;114,3;2520.0
2013-10-02;123,4;2872.0
2013-10-03;86,7;1463.0
2013-10-04;164,6;4048.0
2013-10-05;33,2;550.0
2013-10-06;78,4;1421.0
2013-10-07;56,8;1094.0
2013-10-08;76,4;1527.0
2013-10-09;53,5;865.0
2013-10-10;51,9;1180.0
2013-10-11;83,4;1810.0
2013-10-12;29,1;513.0
2013-10-13;95,6;2282.0
2013-10-14;76,6;1296.0
2013-10-15;104,7;2167.0
2013-10-16;123,5;3183.0
2013-10-17;148,5;4013.0
2013-10-18;122,9;2924.0
2013-10-19;106,1;2551.0
2013-10-20;57;773.0
2013-10-21;33,6;677.0
2013-10-22;34,5;868.0
2013-10-23;31,8;1028.0
2013-10-24;27,5;535.0
2013-10-25;120,9;3132.0
2013-10-26;90,6;2459.0
2013-10-27;45;920.0
2013-10-28;40,4;832.0
2013-10-29;42,4;732.0
2013-10-30;21,1;305.0
2013-10-31;96;2372.0
2013-11-01;115,3;3412.0
2013-11-02;17,9;266.0
2013-11-03;27,2;346.0
2013-11-04;21,5;386.0
2013-11-05;20,8;387.0
2013-11-06;66,8;1359.0
2013-11-07;72;1336.0
2013-11-08;25,6;471.0
2013-11-09;13,1;135.0
2013-11-10;20,1;351.0
2013-11-11;23,2;405.0
2013-11-12;25;435.0
2013-11-13;16,5;257.0
2013-11-14;31,6;551.0
2013-11-15;6;90.0
2013-11-16;57,8;1157.0
2013-11-17;27,7;422.0
2013-11-18;55,6;1426.0
2013-11-19;13,6;294.0
2013-11-20;23,2;337.0
2013-11-21;52,5;731.0
2013-11-22;2,3;239.0
2013-11-23;11,7;202.0
2013-11-24;37,1;740.0
2013-11-25;54,5;1872.0
2013-11-26;89;2841.0
2013-11-27;62,9;1693.0
2013-11-28;81,5;2626.0
2013-11-29;87,8;2521.0
2013-11-30;22,9;389.0
2013-12-01;79;2305.0
2013-12-02;79,5;2522.0
2013-12-03;83,4;2313.0
2013-12-04;54,7;827.0
2013-12-05;61,9;1520.0
2013-12-06;63,6;1958.0
2013-12-07;60,9;1522.0
2013-12-08;31;632.0
2013-12-09;37,2;736.0
2013-12-10;62,5;1758.0
2013-12-11;49,6;1278.0
2013-12-12;28,1;469.0
2013-12-13;16,4;224.0
2013-12-14;13,2;207.0
2013-12-15;15,2;215.0
2013-12-16;23,5;242.0
2013-12-17;23,1;63.0
2013-12-18;15,8;29.0
2013-12-19;23,5;209.0
2013-12-20;30,2;514.0
2013-12-21;7;96.0
2013-12-22;21,3;374.0
2013-12-23;19,2;342.0
2013-12-24;42,3;823.0
2013-12-25;11,8;297.0
2013-12-26;10,7;164.0
2013-12-27;19,1;307.0
2013-12-28;34,8;405.0
2013-12-29;7,9;120.0
2013-12-30;22;364.0
2013-12-31;12,4;190.0
2014-01-01;25,7;382.0
2014-01-02;39,3;898.0
2014-01-03;18,5;243.0
2014-01-04;8,9;129.0
2014-01-05;7,1;96.0
2014-01-06;35,7;729.0
2014-01-07;44,6;957.0
2014-01-08;68,1;1929.0
2014-01-09;37,7;825.0
2014-01-10;20,4;278.0
2014-01-11;21,1;397.0
2014-01-12;76,9;2395.0
2014-01-13;24,7;520.0
2014-01-14;7,2;112.0
2014-01-15;32,9;783.0
2014-01-16;50;993.0
2014-01-17;24,1;315.0
2014-01-18;11;254.0
2014-01-19;14,7;148.0
2014-01-20;23,6;379.0
2014-01-21;51,9;1357.0
2014-01-22;35,9;1441.0
2014-01-23;10,2;218.0
2014-01-24;12,6;27.0
2014-01-25;75,8;1523.0
2014-01-26;64,9;1666.0
2014-01-27;30,7;634.0
2014-01-28;24,1;76.0
2014-01-29;46,4;182.0
2014-01-30;3,2;0.0
2014-01-31;10,6;0.0
2014-02-01;12,5;2.0
2014-02-02;13,3;2.0
2014-02-03;4,8;0.0
2014-02-04;15,4;0.0
2014-02-05;27,5;4.0
2014-02-06;33,7;14.0
2014-02-07;39,6;73.0
2014-02-08;28,2;330.0
2014-02-09;16,4;279.0
2014-02-10;28,9;466.0
2014-02-11;21,4;332.0
2014-02-12;56,8;1257.0
2014-02-13;86,8;2000.0
2014-02-14;120,7;3106.0
2014-02-15;48,6;967.0
2014-02-16;124,1;2496.0
2014-02-17;15,4;97.0
2014-02-18;28,5;399.0
2014-02-19;45,1;888.0
2014-02-20;45,6;864.0
2014-02-21;54,1;1290.0
2014-02-22;25,5;459.0
2014-02-23;63,3;1140.0
2014-02-24;125,7;3148.0
2014-02-25;123,8;3302.0
2014-02-26;99,3;2383.0
2014-02-27;93,5;1972.0
2014-02-28;92,5;1888.0
2014-03-01;65,2;1513.0
2014-03-02;57,5;1004.0
2014-03-03;116,5;2220.0
2014-03-04;60;1632.0
2014-03-05;75,6;1705.0
2014-03-06;58,9;1417.0
2014-03-07;150,3;3665.0
2014-03-08;176,7;4448.0
2014-03-09;183,5;4301.0
2014-03-10;135,4;2990.0
2014-03-11;184,9;4521.0
2014-03-12;192,6;4619.0
2014-03-13;188,2;4456.0
2014-03-14;194,8;4543.0
2014-03-15;120;2502.0
2014-03-16;193,8;4481.0
2014-03-17;208,8;4706.0
2014-03-18;193,1;4270.0
2014-03-19;199,9;4384.0
2014-03-20;215,4;4833.0
2014-03-21;183,4;3997.0
2014-03-22;101,4;1940.0
2014-03-23;13,7;273.0
2014-03-24;73,5;1298.0
2014-03-25;80,2;1652.0
2014-03-26;45,2;1118.0
2014-03-27;67,9;1286.0
2014-03-28;214,2;4343.0
2014-03-29;234,9;5039.0
2014-03-30;248,3;5124.0
2014-03-31;205,8;4269.0
2014-04-01;203;4211.0
2014-04-02;231,6;4851.0
2014-04-03;113,5;2203.0
2014-04-04;161;3213.0
2014-04-05;60,4;1078.0
2014-04-06;174,1;3380.0
2014-04-07;236,2;4727.0
2014-04-08;220,4;4476.0
2014-04-09;230,6;4537.0
2014-04-10;234,1;4581.0
2014-04-11;110,1;2113.0
2014-04-12;162;3113.0
2014-04-13;133,1;2569.0
2014-04-14;222,4;4383.0
2014-04-15;270,2;4621.0
2014-04-16;185,5;2878.0
2014-04-17;164,1;3348.0
2014-04-18;257;5055.0
2014-04-19;165,9;2958.0
2014-04-20;50,2;913.0
2014-04-21;54,8;956.0
2014-04-22;256,4;4644.0
2014-04-23;178;3263.0
2014-04-24;111,8;1974.0
2014-04-25;180,9;2995.0
2014-04-26;161,2;3027.0
2014-04-27;111,4;2047.0
2014-04-28;128;2376.0
2014-04-29;213,5;3767.0
2014-04-30;217,4;3863.0
2014-05-01;205,6;3657.0
2014-05-02;197,2;3964.0
2014-05-03;99,8;1876.0
2014-05-04;266,3;5012.0
2014-05-05;320,8;5918.0
2014-05-06;309,2;5634.0
2014-05-07;116,5;2174.0
2014-05-08;274,3;4541.0
2014-05-09;296,5;5261.0
2014-05-10;291,3;5387.0
2014-05-11;121,5;2188.0
2014-05-12;304,1;5625.0
2014-05-13;74,9;1353.0
2014-05-14;266,4;4917.0
2014-05-15;161,5;2985.0
2014-05-16;124,5;2118.0
2014-05-17;201,5;3803.0
2014-05-18;138,1;2573.0
2014-05-19;299;5296.0
2014-05-20;352,8;5825.0
2014-05-21;324,8;5569.0
2014-05-22;318,1;5545.0
2014-05-23;212,5;3940.0
2014-05-24;339,6;5749.0
2014-05-25;310,1;5255.0
2014-05-26;160,4;2508.0
2014-05-27;261;4871.0
2014-05-28;174,8;3084.0
2014-05-29;215,7;3934.0
2014-05-30;188,8;3401.0
2014-05-31;288,6;4710.0
2014-06-01;227,2;3863.0
2014-06-02;283,4;4902.0
2014-06-03;245,1;4141.0
2014-06-04;311,8;5416.0
2014-06-05;220,4;3875.0
2014-06-06;337;5672.0
2014-06-07;346,6;5520.0
2014-06-08;343,3;5411.0
2014-06-09;344,4;5449.0
2014-06-10;349;5478.0
2014-06-11;346,6;5308.0
2014-06-12;241,1;3834.0
2014-06-13;268,6;4594.0
2014-06-14;236,6;4274.0
2014-06-15;316,9;5614.0
2014-06-16;151,2;2430.0
2014-06-17;194,6;3187.0
2014-06-18;257,1;4362.0
2014-06-19;290,1;4942.0
2014-06-20;202,4;3542.0
2014-06-21;309,8;5302.0
2014-06-22;349,8;5666.0
2014-06-23;273,1;4727.0
2014-06-24;189,1;3409.0
2014-06-25;77,1;1360.0
2014-06-26;252,2;4572.0
2014-06-27;235,2;4460.0
2014-06-28;331,6;5281.0
2014-06-29;225,2;3979.0
2014-06-30;131,2;2531.0
2014-07-01;147,5;4072.0
2014-07-02;203,9;4199.0
2014-07-03;341,1;5675.0
2014-07-04;317,2;5251.0
2014-07-05;324,9;5566.0
2014-07-06;324,8;5374.0
2014-07-07;334,2;5392.0
2014-07-08;158,6;2712.0
2014-07-09;202,4;3624.0
2014-07-10;75,1;1424.0
2014-07-11;247,5;4087.0
2014-07-12;175,6;2852.0
2014-07-13;187,4;2944.0
2014-07-14;185,6;3477.0
2014-07-15;266,6;4580.0
2014-07-16;305,1;5091.0
2014-07-17;269,7;4551.0
2014-07-18;337,6;4467.0
2014-07-19;288,2;0.0
2014-07-20;294,3;0.0
2014-07-21;95,4;1432.0
2014-07-22;92,6;1514.0
2014-07-23;245,9;4440.0
2014-07-24;234,4;4131.0
2014-07-25;181,3;2929.0
2014-07-26;171,2;3155.0
2014-07-27;172,4;3029.0
2014-07-28;174,7;3002.0
2014-07-29;141,9;2544.0
2014-07-30;69,4;1241.0
2014-07-31;138,7;2337.0
2014-08-01;226,2;4093.0
2014-08-02;264,5;4533.0
2014-08-03;237,2;3987.0
2014-08-04;266,8;4676.0
2014-08-05;177,6;3218.0
2014-08-06;232,3;4139.0
2014-08-07;274,2;5115.0
2014-08-08;296;5080.0
2014-08-09;297;5281.0
2014-08-10;269,2;4976.0
2014-08-11;251;4570.0
2014-08-12;143,9;1484.0
2014-08-13;103,6;1997.0
2014-08-14;47,6;782.0
2014-08-15;79,5;1411.0
2014-08-16;151,2;2863.0
2014-08-17;282,4;5239.0
2014-08-18;213,1;4058.0
2014-08-19;139,5;2405.0
2014-08-20;188,8;3240.0
2014-08-21;145,2;2839.0
2014-08-22;115,4;2090.0
2014-08-23;42,9;718.0
2014-08-24;164,9;3269.0
2014-08-25;218,6;4424.0
2014-08-26;51,5;971.0
2014-08-27;213,2;4020.0
2014-08-28;271,1;5299.0
2014-08-29;238,8;4872.0
2014-08-30;242,1;4635.0
2014-08-31;162,1;3054.0
2014-09-01;63,4;1002.0
2014-09-02;30,2;466.0
2014-09-03;129,9;2533.0
2014-09-04;56,5;933.0
2014-09-05;157,1;2841.0
2014-09-06;70,7;1275.0
2014-09-07;188,3;3898.0
2014-09-08;210,4;4291.0
2014-09-09;215,3;4104.0
2014-09-10;72,8;1023.0
2014-09-11;28,1;501.0
2014-09-12;79,1;1464.0
2014-09-13;83,9;1494.0
2014-09-14;142,1;2768.0
2014-09-15;161,3;2826.0
2014-09-16;114,3;2202.0
2014-09-17;139,9;2459.0
2014-09-18;134,4;2941.0
2014-09-19;137;2688.0
2014-09-20;96,6;2242.0
2014-09-21;203,9;4009.0
2014-09-22;97,8;2430.0
2014-09-23;197,8;4365.0
2014-09-24;186,1;4140.0
2014-09-25;46,5;859.0
2014-09-26;147,7;2929.0
2014-09-27;168,4;3870.0
2014-09-28;189,8;4549.0
2014-09-29;151,1;3134.0
2014-09-30;184,5;4149.0
2014-10-01;81,1;1618.0
2014-10-02;126,2;2311.0
2014-10-03;142,6;3127.0
2014-10-04;84,2;1551.0
2014-10-05;95,8;1915.0
2014-10-06;88,1;1817.0
2014-10-07;117,3;2763.0
2014-10-08;82,5;1710.0
2014-10-09;121,9;3278.0
2014-10-10;104,4;2686.0
2014-10-11;150,8;3595.0
2014-10-12;147,2;3776.0
2014-10-13;113,7;2788.0
2014-10-14;146,8;3538.0
2014-10-15;52,9;839.0
2014-10-16;85,2;1786.0
2014-10-17;66,6;1452.0
2014-10-18;135,6;3450.0
2014-10-19;124,1;2961.0
2014-10-20;126,1;3203.0
2014-10-21;81;1645.0
2014-10-22;117,2;3404.0
2014-10-23;12,5;207.0
2014-10-24;115,1;3029.0
2014-10-25;92,9;2471.0
2014-10-26;86;1972.0
2014-10-27;56,8;1332.0
2014-10-28;111,2;3090.0
2014-10-29;76,5;1642.0
2014-10-30;109,9;3009.0
2014-10-31;92,4;2315.0
2014-11-01;83;1818.0
2014-11-02;59,2;1277.0
2014-11-03;59,8;1333.0
2014-11-04;65,3;1949.0
2014-11-05;26;517.0
2014-11-06;18,9;301.0
2014-11-07;12,9;171.0
2014-11-08;15,6;316.0
2014-11-09;23,5;351.0
2014-11-10;55,8;1097.0
2014-11-11;43,5;724.0
2014-11-12;40,9;835.0
2014-11-13;11,5;235.0
2014-11-14;21,2;338.0
2014-11-15;19,4;457.0
2014-11-16;88,6;2530.0
2014-11-17;35;690.0
2014-11-18;21,6;375.0
2014-11-19;52,4;1084.0
2014-11-20;27,3;355.0
2014-11-21;29,3;477.0
2014-11-22;58,1;1470.0
2014-11-23;10,4;164.0
2014-11-24;9,7;144.0
2014-11-25;9,5;127.0
2014-11-26;20,9;336.0
2014-11-27;8,7;124.0
2014-11-28;15,7;258.0
2014-11-29;22,7;281.0
2014-11-30;9,7;193.0
2014-12-01;4,6;61.0
2014-12-02;11,2;160.0
2014-12-03;7,5;155.0
2014-12-04;11,5;185.0
2014-12-05;10;176.0
2014-12-06;9,2;121.0
2014-12-07;25,9;450.0
2014-12-08;28,7;653.0
2014-12-09;22;358.0
2014-12-10;72,9;2230.0
2014-12-11;63,1;1912.0
2014-12-12;77,2;1889.0
2014-12-13;43,8;1043.0
2014-12-14;25,5;403.0
2014-12-15;28;641.0
2014-12-16;16,8;301.0
2014-12-17;17,9;380.0
2014-12-18;20,6;316.0
2014-12-19;68,9;1981.0
2014-12-20;57,8;1789.0
2014-12-21;70,7;2047.0
2014-12-22;36,6;716.0
2014-12-23;57,6;1626.0
2014-12-24;16;256.0
2014-12-25;54,7;1421.0
2014-12-26;69,2;2136.0
2014-12-27;17,9;242.0
2014-12-28;22,4;0.0
2014-12-29;75;10.0
2014-12-30;77,4;13.0
2014-12-31;47,1;23.0
2015-01-01;54,9;5.0
2015-01-02;51,6;12.0
2015-01-03;18,1;0.0
2015-01-04;82,4;1066.0
2015-01-05;74,3;2078.0
2015-01-06;60,5;1494.0
2015-01-07;33,5;794.0
2015-01-08;45,2;886.0
2015-01-09;22,5;320.0
2015-01-10;55,1;1260.0
2015-01-11;2,5;8.0
2015-01-12;38;780.0
2015-01-13;78;2075.0
2015-01-14;29,7;384.0
2015-01-15;32,8;632.0
2015-01-16;18,1;828.0
2015-01-17;5,3;143.0
2015-01-18;15,5;2165.0
2015-01-19;49,1;1230.0
2015-01-20;34,7;707.0
2015-01-21;13,4;197.0
2015-01-22;21,9;332.0
2015-01-23;21,7;330.0
2015-01-24;38,8;694.0
2015-01-25;61,4;1331.0
2015-01-26;86,9;2837.0
2015-01-27;45,4;960.0
2015-01-28;100,4;2519.0
2015-01-29;11,2;185.0
2015-01-30;3,5;0.0
2015-01-31;86,5;107.0
2015-02-01;40,8;55.0
2015-02-02;61,7;108.0
2015-02-03;18,2;31.0
2015-02-04;52;5.0
2015-02-05;26,9;0.0
2015-02-06;35,3;6.0
2015-02-07;67,8;58.0
2015-02-08;91,1;137.0
2015-02-09;64,1;86.0
2015-02-10;99,1;246.0
2015-02-11;121,4;1503.0
2015-02-12;48,8;1048.0
2015-02-13;57,6;1151.0
2015-02-14;15,7;277.0
2015-02-15;75,1;1913.0
2015-02-16;104;2484.0
2015-02-17;115,6;2439.0
2015-02-18;106,5;2642.0
2015-02-19;154,4;3950.0
2015-02-20;142,5;3806.0
2015-02-21;64,1;1294.0
2015-02-22;17,5;284.0
2015-02-23;32,8;613.0
2015-02-24;31,2;598.0
2015-02-25;49,1;909.0
2015-02-26;145;3373.0
2015-02-27;121,2;2101.0
2015-02-28;53,4;956.0
2015-03-01;120,7;2621.0
2015-03-02;18,3;2621.0
2015-03-03;147,8;279.0
2015-03-04;105,7;3598.0
2015-03-05;113,1;2316.0
2015-03-06;189,5;2459.0
2015-03-07;189,8;4909.0
2015-03-08;190,9;4825.0
2015-03-09;185;4554.0
2015-03-10;183,6;4360.0
2015-03-11;81,8;1620.0
2015-03-12;157;3682.0
2015-03-13;189,8;4037.0
2015-03-14;172;3995.0
2015-03-15;87,8;1340.0
2015-03-16;42,5;755.0
2015-03-17;130,8;2620.0
2015-03-18;191,3;3967.0
2015-03-19;195,2;4264.0
2015-03-20;173,2;3901.0
2015-03-21;210,4;4738.0
2015-03-22;149,5;2962.0
2015-03-23;155;3242.0
2015-03-24;183;3290.0
2015-03-25;45,6;823.0
2015-03-26;40,8;771.0
2015-03-27;30,8;538.0
2015-03-28;242;5169.0
2015-03-29;218,7;4309.0
2015-03-30;176,7;3474.0
2015-03-31;111,4;1393.0
2015-04-01;191,6;3767.0
2015-04-02;163,2;3480.0
2015-04-03;262,8;5447.0
2015-04-04;58,1;1202.0
2015-04-05;185,3;3346.0
2015-04-06;211,9;4408.0
2015-04-07;280,6;5677.0
2015-04-08;181,5;3498.0
2015-04-09;237,1;4759.0
2015-04-10;255,7;5141.0
2015-04-11;256,2;5113.0
2015-04-12;236,6;4802.0
2015-04-13;262,1;5066.0
2015-04-14;212,5;4192.0
2015-04-15;294,5;5173.0
2015-04-16;239,3;4526.0
2015-04-17;51,5;865.0
2015-04-18;40,4;759.0
2015-04-19;256;4930.0
2015-04-20;282,1;5360.0
2015-04-21;287,6;5279.0
2015-04-22;294,8;5282.0
2015-04-23;237,3;4414.0
2015-04-24;144,1;2489.0
2015-04-25;172,4;3217.0
2015-04-26;240,2;4512.0
2015-04-27;139;2311.0
2015-04-28;44,6;799.0
2015-04-29;265,5;5513.0
2015-04-30;160;2865.0
2015-05-01;70,4;1420.0
2015-05-02;217,7;4099.0
2015-05-03;32,1;582.0
2015-05-04;211,2;3720.0
2015-05-05;230,7;3803.0
2015-05-06;274,7;4752.0
2015-05-07;251,6;5408.0
2015-05-08;391;5382.0
2015-05-09;244,9;3644.0
2015-05-10;281,8;4656.0
2015-05-11;321,8;5477.0
2015-05-12;298,4;5108.0
2015-05-13;270,4;4700.0
2015-05-14;188,3;3814.0
2015-05-15;22,1;362.0
2015-05-16;165,7;2930.0
2015-05-17;217,1;3391.0
2015-05-18;285,4;4908.0
2015-05-19;313,7;5329.0
2015-05-20;190,4;3542.0
2015-05-21;75,7;1402.0
2015-05-22;52,6;994.0
2015-05-23;66,3;110.0
2015-05-24;192,3;3372.0
2015-05-25;210,1;3523.0
2015-05-26;214,9;3427.0
2015-05-27;224,9;3776.0
2015-05-28;330,2;5617.0
2015-05-29;340,2;5585.0
2015-05-30;317,6;5256.0
2015-05-31;150,3;2479.0
2015-06-01;315,4;5232.0
2015-06-02;323,6;5249.0
2015-06-03;300,5;4937.0
2015-06-04;270,6;4416.0
2015-06-05;337,8;5402.0
2015-06-06;338,9;5333.0
2015-06-07;314,4;5324.0
2015-06-08;344,7;5591.0
2015-06-09;324;5148.0
2015-06-10;269;4839.0
2015-06-11;291,5;4733.0
2015-06-12;316,9;5282.0
2015-06-13;323,6;5344.0
2015-06-14;192,1;3197.0
2015-06-15;236,8;4729.0
2015-06-16;80,8;1334.0
2015-06-17;165,2;2929.0
2015-06-18;306,3;5007.0
2015-06-19;115,9;1954.0
2015-06-20;159,1;2444.0
2015-06-21;258,4;4151.0
2015-06-22;271,1;4574.0
2015-06-23;26,9;469.0
2015-06-24;283,4;4934.0
2015-06-25;330,8;5528.0
2015-06-26;339,4;5572.0
2015-06-27;174,9;2852.0
2015-06-28;315,8;4642.0
2015-06-29;240;3891.0
2015-06-30;336,6;5324.0
2015-07-01;274,4;4920.0
2015-07-02;324,8;5083.0
2015-07-03;322,2;5038.0
2015-07-04;328,9;5091.0
2015-07-05;335,2;5099.0
2015-07-06;288,2;4460.0
2015-07-07;323,2;4859.0
2015-07-08;294,3;4793.0
2015-07-09;250,8;4205.0
2015-07-10;342,6;5570.0
2015-07-11;343,4;5348.0
2015-07-12;330,4;5037.0
2015-07-13;211;3535.0
2015-07-14;304,3;4996.0
2015-07-15;320;5021.0
2015-07-16;292,7;4646.0
2015-07-17;318,5;4998.0
2015-07-18;306,7;4698.0
2015-07-19;316,8;4925.0
2015-07-20;278,6;4612.0
2015-07-21;299,9;4663.0
2015-07-22;304,8;4757.0
2015-07-23;274,1;3956.0
2015-07-24;280,8;4320.0
2015-07-25;211,8;3730.0
2015-07-26;69,5;1217.0
2015-07-27;74,8;1226.0
2015-07-28;87,1;1426.0
2015-07-29;36,8;583.0
2015-07-30;45,9;758.0
2015-07-31;244,3;4151.0
2015-08-01;289,9;4903.0
2015-08-02;241,5;4063.0
2015-08-03;228,5;3599.0
2015-08-04;291;4858.0
2015-08-05;240,8;4300.0
2015-08-06;295;4746.0
2015-08-07;291,7;4477.0
2015-08-08;268,6;4487.0
2015-08-09;297,1;4944.0
2015-08-10;298,1;4997.0
2015-08-11;252,9;4214.0
2015-08-12;266,5;4448.0
2015-08-13;271,1;4610.0
2015-08-14;245,9;4171.0
2015-08-15;171,5;2978.0
2015-08-16;178,1;3119.0
2015-08-17;58,9;1001.0
2015-08-18;205,2;4061.0
2015-08-19;53,8;893.0
2015-08-20;178,6;2729.0
2015-08-21;113,7;1975.0
2015-08-22;226,2;3627.0
2015-08-23;245,6;4603.0
2015-08-24;79,4;1456.0
2015-08-25;130,3;2386.0
2015-08-26;193,2;3391.0
2015-08-27;235,9;4216.0
2015-08-28;265,9;4866.0
2015-08-29;263,1;4723.0
2015-08-30;247,9;4410.0
2015-08-31;260,5;4837.0
2015-09-01;259,7;4813.0
2015-09-02;133,5;2366.0
2015-09-03;125,9;2156.0
2015-09-04;72,7;1451.0
2015-09-05;36,2;596.0
2015-09-06;308,2;4782.0
2015-09-07;242,5;4921.0
2015-09-08;243,4;5091.0
2015-09-09;225,8;4603.0
2015-09-10;155,2;2818.0
2015-09-11;173,1;3882.0
2015-09-12;219,5;4646.0
2015-09-13;178;3457.0
2015-09-14;97,9;2183.0
2015-09-15;186;3870.0
2015-09-16;114;2206.0
2015-09-17;160,5;3160.0
2015-09-18;157,6;3538.0
2015-09-19;86,6;1640.0
2015-09-20;142,1;2766.0
2015-09-21;207,2;4456.0
2015-09-22;204,8;4514.0
2015-09-23;104,4;1804.0
2015-09-24;26,5;433.0
2015-09-25;45,4;744.0
2015-09-26;111,3;1849.0
2015-09-27;89;1510.0
2015-09-28;129,6;2839.0
2015-09-29;142,8;3024.0
2015-09-30;101,8;1929.0
2015-10-01;64,1;1086.0
2015-10-02;82,6;1495.0
2015-10-03;83,8;1856.0
2015-10-04;72;1227.0
2015-10-05;154;3594.0
2015-10-06;51;900.0
2015-10-07;38,9;702.0
2015-10-08;78,2;1402.0
2015-10-09;65,3;1160.0
2015-10-10;22,5;307.0
2015-10-11;49,7;851.0
2015-10-12;53,7;950.0
2015-10-13;14,8;223.0
2015-10-14;16,6;236.0
2015-10-15;23,2;396.0
2015-10-16;80,6;1674.0
2015-10-17;125,5;2777.0
2015-10-18;129,9;3175.0
2015-10-19;24,5;426.0
2015-10-20;115,6;2981.0
2015-10-21;107,8;2291.0
2015-10-22;120;3090.0
2015-10-23;187,8;3399.0
2015-10-24;138,5;3678.0
2015-10-25;74,8;1567.0
2015-10-25;74,8;727.0
2015-10-26;44,1;727.0
2015-10-27;74,2;1518.0
2015-10-28;54,1;965.0
2015-10-29;15;221.0
2015-10-30;78,9;2074.0
2015-10-31;114,7;2980.0
2015-11-01;122,5;3511.0
2015-11-02;101,8;2522.0
2015-11-03;97,2;2581.0
2015-11-04;108,7;3132.0
2015-11-05;88,8;2659.0
2015-11-06;96,3;2353.0
2015-11-07;97,9;2562.0
2015-11-08;103,2;2888.0
2015-11-09;98,7;2610.0
2015-11-10;64,8;1516.0
2015-11-11;97,4;2725.0
2015-11-12;91,9;2269.0
2015-11-13;49,1;871.0
2015-11-14;65,5;1448.0
2015-11-15;47,1;946.0
2015-11-16;93,8;2682.0
2015-11-17;66,2;1278.0
2015-11-18;57,5;1531.0
2015-11-19;37;769.0
2015-11-20;10,9;107.0
2015-11-21;3,5;28.0
2015-11-22;46,1;966.0
2015-11-23;33,4;586.0
2015-11-24;25,4;434.0
2015-11-25;13,4;203.0
2015-11-26;16,6;301.0
2015-11-27;73,3;1862.0
2015-11-28;72,6;1991.0
2015-11-29;52,3;979.0
2015-11-30;72,5;1993.0
2015-12-01;52,9;1325.0
2015-12-02;74,3;2112.0
2015-12-03;21,1;308.0
2015-12-04;24,9;378.0
2015-12-05;52,3;1044.0
2015-12-06;61,5;1226.0
2015-12-07;50;2031.0
2015-12-08;25,9;362.0
2015-12-09;12,8;177.0
2015-12-10;33;539.0
2015-12-11;19,7;263.0
2015-12-12;36,3;623.0
2015-12-13;50,8;1248.0
2015-12-14;27,7;454.0
2015-12-15;45;900.0
2015-12-16;37;593.0
2015-12-17;14,9;152.0
2015-12-18;21,2;283.0
2015-12-19;38,2;456.0
2015-12-20;20,2;283.0
2015-12-21;17;200.0
2015-12-22;30;538.0
2015-12-23;27,4;422.0
2015-12-24;32,9;582.0
2015-12-25;69,7;1810.0
2015-12-26;45;785.0
2015-12-27;57,9;1311.0
2015-12-28;46,6;1060.0
2015-12-29;44,9;829.0
2015-12-30;14,4;193.0
2015-12-31;70,8;2040.0
2016-01-01;38,1;838.0
2016-01-02;15,1;240.0
2016-01-03;22,6;0.0
2016-01-04;12,6;0.0
2016-01-05;18,9;0.0
2016-01-06;2,9;0.0
2016-01-07;21;0.0
2016-01-08;25,6;0.0
2016-01-09;11,2;0.0
2016-01-10;44,1;642.0
2016-01-11;40,1;703.0
2016-01-12;71,4;1720.0
2016-01-13;50,9;1046.0
2016-01-14;26,6;413.0
2016-01-15;27,8;512.0
2016-01-16;56,9;1366.0
2016-01-17;88,5;2366.0
2016-01-18;86,6;2469.0
2016-01-19;79,8;1788.0
2016-01-20;66,4;1453.0
2016-01-21;97,3;2501.0
2016-01-22;66,3;2016.0
2016-01-23;32,2;616.0
2016-01-24;74,6;1751.0
2016-01-25;65,3;1380.0
2016-01-26;83,3;2146.0
2016-01-27;93,4;2423.0
2016-01-28;36,8;816.0
2016-01-29;81,6;1975.0
2016-01-30;19,3;263.0
2016-01-31;4,9;43.0
2016-02-01;45;838.0
2016-02-02;14,3;149.0
2016-02-03;7,7;77.0
2016-02-04;109,1;2899.0
2016-02-05;112,9;3301.0
2016-02-06;104,7;2941.0
2016-02-07;52,1;660.0
2016-02-08;24,8;360.0
2016-02-09;18,6;240.0
2016-02-10;36,3;660.0
2016-02-11;97,9;2382.0
2016-02-12;18,8;31.0
2016-02-13;88,1;103.0
2016-02-14;20,3;302.0
2016-02-15;18,5;337.0
2016-02-16;22,4;365.0
2016-02-17;23,3;547.0
2016-02-18;18,7;386.0
2016-02-19;31,9;886.0
2016-02-20;98,7;1642.0
2016-02-21;122,7;3065.0
2016-02-22;22,4;317.0
2016-02-23;20,2;335.0
2016-02-24;118;2158.0
2016-02-25;42,5;676.0
2016-02-26;28;578.0
2016-02-27;36,2;683.0
2016-02-28;27,9;492.0
2016-02-29;32,3;575.0
2016-03-01;90,5;1960.0
2016-03-02;113,4;2546.0
2016-03-03;29,7;464.0
2016-03-04;133;2693.0
2016-03-05;29,9;489.0
2016-03-06;116,6;2384.0
2016-03-07;37,8;688.0
2016-03-08;55,8;971.0
2016-03-09;49,6;902.0
2016-03-10;156,9;3506.0
2016-03-11;87,8;1684.0
2016-03-12;80,9;1400.0
2016-03-13;64;1306.0
2016-03-14;164,5;3665.0
2016-03-15;70,4;1240.0
2016-03-16;37,6;768.0
2016-03-17;206,6;4202.0
2016-03-18;213,9;4742.0
2016-03-19;210,7;4621.0
2016-03-20;204,7;4454.0
2016-03-21;80,8;1478.0
2016-03-22;137;2729.0
2016-03-23;55,5;1088.0
2016-03-24;153,1;2958.0
2016-03-25;160,4;3279.0
2016-03-26;135,1;2406.0
2016-03-27;175,2;3164.0
2016-03-28;32,6;535.0
2016-03-29;102,1;1727.0
2016-03-30;69,3;1196.0
2016-03-31;147,3;2320.0
2016-04-01;170,1;2924.0
2016-04-02;168,2;3328.0
2016-04-03;207,9;4027.0
2016-04-04;204;3985.0
2016-04-05;168,8;3219.0
2016-04-06;156,2;3523.0
2016-04-07;239,2;4458.0
2016-04-08;33,4;574.0
2016-04-09;54,5;1004.0
2016-04-10;170,1;3685.0
2016-04-11;187,4;3805.0
2016-04-12;277,5;5353.0
2016-04-13;218;4262.0
2016-04-14;106,9;1864.0
2016-04-15;203,2;3922.0
2016-04-16;283,8;5326.0
2016-04-17;230,1;3862.0
2016-04-18;206;3215.0
2016-04-19;166,1;2941.0
2016-04-20;261,2;4980.0
2016-04-21;274,1;5098.0
2016-04-22;253,1;4618.0
2016-04-23;161;2675.0
2016-04-24;59,7;1320.0
2016-04-25;230,4;3966.0
2016-04-26;135,9;2492.0
2016-04-27;121,6;1553.0
2016-04-28;106,2;377.0
2016-04-29;287,3;5043.0
2016-04-30;295,4;5615.0
2016-05-01;41;736.0
2016-05-02;94;1554.0
2016-05-03;240,6;4135.0
2016-05-04;213,3;3832.0
2016-05-05;263,5;4463.0
2016-05-06;285,1;5146.0
2016-05-07;265;4267.0
2016-05-08;202,2;3581.0
2016-05-09;230,5;4051.0
2016-05-10;86,4;1555.0
2016-05-11;74,9;1245.0
2016-05-12;86,8;1482.0
2016-05-13;109,3;1822.0
2016-05-14;121,2;2152.0
2016-05-15;93;1814.0
2016-05-16;273,9;5200.0
2016-05-17;242,8;4130.0
2016-05-18;341,2;3938.0
2016-05-19;137,2;2305.0
2016-05-20;199,2;3686.0
2016-05-21;335,1;5426.0
2016-05-22;338,5;5411.0
2016-05-23;206,2;3521.0
2016-05-24;141,8;2263.0
2016-05-25;327,4;5218.0
2016-05-26;309,6;5154.0
2016-05-27;323,7;5226.0
2016-05-28;338,3;5446.0
2016-05-29;215,8;3662.0
2016-05-30;183,6;3421.0
2016-05-31;191,6;2818.0
2016-06-01;144,5;2526.0
2016-06-02;281,5;4789.0
2016-06-03;354,8;5527.0
2016-06-04;341,5;5210.0
2016-06-05;275,4;4332.0
2016-06-06;256,3;4170.0
2016-06-07;333,9;5150.0
2016-06-08;226,8;3914.0
2016-06-09;80;1226.0
2016-06-10;160;2606.0
2016-06-11;199,8;3327.0
2016-06-12;165,8;3028.0
2016-06-13;254,3;3761.0
2016-06-14;185,1;3050.0
2016-06-15;170,9;2557.0
2016-06-16;238,2;4001.0
2016-06-17;352;5657.0
2016-06-18;319,6;5138.0
2016-06-19;152,4;2411.0
2016-06-20;154,9;2506.0
2016-06-21;307,5;5028.0
2016-06-22;301,5;4777.0
2016-06-23;257,1;4111.0
2016-06-24;319,8;4877.0
2016-06-25;187,6;2724.0
2016-06-26;168;2531.0
2016-06-27;99,4;1562.0
2016-06-28;318,6;5209.0
2016-06-29;395,1;5323.0
2016-06-30;328,4;4822.0
2016-07-01;295,6;4606.0
2016-07-02;338;5129.0
2016-07-03;33,2;506.0
2016-07-04;333,9;5105.0
2016-07-05;345,4;5224.0
2016-07-06;294,47;4871.0
2016-07-07;333;5293.0
2016-07-08;288,1;4445.0
2016-07-09;256,1;4075.0
2016-07-10;327,8;4986.0
2016-07-11;325,6;4883.0
2016-07-12;261,2;4380.0
2016-07-13;185;3227.0
2016-07-14;187,9;2732.0
2016-07-15;137,3;2152.0
2016-07-16;88,9;1593.0
2016-07-17;177;3168.0
2016-07-18;329,1;4890.0
2016-07-19;329;5137.0
2016-07-20;334,1;4669.0
2016-07-21;301,9;4738.0
2016-07-22;263,6;4255.0
2016-07-23;289,6;4553.0
2016-07-24;248;3883.0
2016-07-25;225,2;3620.0
2016-07-26;221,3;3871.0
2016-07-27;233,4;3999.0
2016-07-28;137,6;2014.0
2016-07-29;297,5;4614.0
2016-07-30;314,8;4873.0
2016-07-31;268;4324.0
2016-08-01;64,4;1049.0
2016-08-02;253;4219.0
2016-08-03;298;4908.0
2016-08-04;307,7;4915.0
2016-08-05;185,2;2892.0
2016-08-06;238,4;4046.0
2016-08-07;302,1;5100.0
2016-08-08;311,1;5170.0
2016-08-09;301,5;4976.0
2016-08-10;27,8;408.0
2016-08-11;162,6;2792.0
2016-08-12;265,7;4479.0
2016-08-13;278,9;4788.0
2016-08-14;294,6;4909.0
2016-08-15;261,3;4363.0
2016-08-16;260,2;4583.0
2016-08-17;117,9;1925.0
2016-08-18;177,9;3280.0
2016-08-19;201,3;3636.0
2016-08-20;219,3;3786.0
2016-08-21;;2424.0
2016-08-22;229,7;4718.0
2016-08-23;289;5077.0
2016-08-24;258,8;4481.0
2016-08-25;267,9;4746.0
2016-08-26;275,6;4860.0
2016-08-27;259,9;4579.0
2016-08-28;251,6;4345.0
2016-08-29;234,5;4038.0
2016-08-30;225,5;4051.0
2016-08-31;259,9;4679.0
2016-09-01;253,7;4640.0
2016-09-02;213,1;4116.0
2016-09-03;215,6;3990.0
2016-09-04;208,2;3695.0
2016-09-05;168,3;2908.0
2016-09-06;52,7;782.0
2016-09-07;206;4277.0
2016-09-08;184,7;3616.0
2016-09-09;229;4355.0
2016-09-10;199,2;3820.0
2016-09-11;191,5;3763.0
2016-09-12;190,5;3928.0
2016-09-13;234;4032.0
2016-09-14;204,1;3950.0
2016-09-15;164,5;3036.0
2016-09-16;76,1;1472.0
2016-09-17;146,8;2750.0
2016-09-18;85;1513.0
2016-09-19;165,3;3334.0
2016-09-20;137,7;2830.0
2016-09-21;158,2;3140.0
2016-09-22;207,2;4033.0
2016-09-23;196;4025.0
2016-09-24;190;4012.0
2016-09-25;188,1;3842.0
2016-09-26;156,1;3218.0
2016-09-27;173,4;3678.0
2016-09-28;185,3;3845.0
2016-09-29;170,5;3497.0
2016-09-30;176,9;3841.0
2016-10-01;146,1;3170.0
2016-10-02;40,1;688.0
2016-10-03;115,9;2420.0
2016-10-04;88,7;1477.0
2016-10-05;178,8;4152.0
2016-10-06;154;4273.0
2016-10-07;106,9;1861.0
2016-10-08;93;1742.0
2016-10-09;98,4;2093.0
2016-10-10;28,6;479.0
2016-10-11;71,1;1565.0
2016-10-12;134,5;2906.0
2016-10-13;47,5;939.0
2016-10-14;41,2;690.0
2016-10-15;45,3;748.0
2016-10-16;65,4;1187.0
2016-10-17;85,7;1588.0
2016-10-18;12,3;185.0
2016-10-19;36,2;622.0
2016-10-20;17;251.0
2016-10-21;35,8;588.0
2016-10-22;90,3;1858.0
2016-10-23;53,3;898.0
2016-10-24;16,4;212.0
2016-10-25;57,4;1141.0
2016-10-26;43,9;949.0
2016-10-27;82,9;2166.0
2016-10-28;74,8;1885.0
2016-10-29;105,3;2581.0
2016-10-30;115,8;3027.0
2016-10-31;84,7;2074.0
2016-11-01;85,5;2130.0
2016-11-02;8;89.0
2016-11-03;43,2;1055.0
2016-11-04;74,3;1541.0
2016-11-05;17,3;355.0
2016-11-06;28,9;451.0
2016-11-07;20,1;301.0
2016-11-08;25,3;443.0
2016-11-09;77,5;2414.0
2016-11-10;73,6;1627.0
2016-11-11;19,8;310.0
2016-11-12;57,1;1115.0
2016-11-13;44,1;973.0
2016-11-14;62,8;1450.0
2016-11-15;98,8;2878.0
2016-11-16;63,9;1543.0
2016-11-17;41,7;867.0
2016-11-18;10,6;175.0
2016-11-19;6,9;68.0
2016-11-20;64,1;1496.0
2016-11-21;27,9;479.0
2016-11-22;53;1087.0
2016-11-23;57,1;1075.0
2016-11-24;39,9;839.0
2016-11-25;17,5;268.0
2016-11-26;7,3;97.0
2016-11-27;49,8;1072.0
2016-11-28;28,3;609.0
2016-11-29;86,8;2687.0
2016-11-30;81,8;2213.0
2016-12-01;58,5;1577.0
2016-12-02;65;1742.0
2016-12-03;39,9;796.0
2016-12-04;74;2034.0
2016-12-05;41,4;788.0
2016-12-06;72,3;1934.0
2016-12-07;70,8;1646.0
2016-12-08;36,7;712.0
2016-12-09;72;2014.0
2016-12-10;75,1;2050.0
2016-12-11;44,5;932.0
2016-12-12;31,5;721.0
2016-12-13;47,6;1242.0
2016-12-14;53,4;1492.0
2016-12-15;23,6;335.0
2016-12-16;20,3;308.0
2016-12-17;69,4;1989.0
2016-12-18;60,5;1349.0
2016-12-19;14,9;208.0
2016-12-20;10,3;160.0
2016-12-21;14,4;211.0
2016-12-22;11,7;164.0
2016-12-23;35,2;527.0
2016-12-24;38,1;745.0
2016-12-25;24,3;343.0
2016-12-26;62,3;1422.0
2016-12-27;62,1;1742.0
2016-12-28;65,3;1592.0
2016-12-29;71,4;2162.0
2016-12-30;90,9;2125.0
2016-12-31;72,1;2156.0
2017-01-01;72,1;2079.0
2017-01-02;70,2;1930.0
2017-01-03;60,3;1716.0
2017-01-04;48,9;1386.0
2017-01-05;71,2;2054.0
2017-01-06;86,3;2593.0
2017-01-07;84,2;2508.0
2017-01-08;33,9;598.0
2017-01-09;38,3;485.0
2017-01-10;31,7;665.0
2017-01-11;81,3;2326.0
2017-01-12;10,4;133.0
2017-01-13;6,1;73.0
2017-01-14;43;0.0
2017-01-15;58,5;3.0
2017-01-16;46,9;6.0
2017-01-17;37,1;38.0
2017-01-18;38,1;38.0
2017-01-19;71,9;248.0
2017-01-20;80,8;655.0
2017-01-21;90,2;956.0
2017-01-22;42,2;481.0
2017-01-23;39,6;350.0
2017-01-24;17,8;173.0
2017-01-25;27,8;222.0
2017-01-26;32,5;294.0
2017-01-27;85,3;1504.0
2017-01-28;89,3;2569.0
2017-01-29;27,2;319.0
2017-01-30;28,6;331.0
2017-01-31;12,7;154.0
2017-02-01;10,1;152.0
2017-02-02;30,3;516.0
2017-02-03;16,8;169.0
2017-02-04;47,7;961.0
2017-02-05;32,8;554.0
2017-02-06;15,1;216.0
2017-02-07;41;715.0
2017-02-08;34,4;582.0
2017-02-09;15,7;239.0
2017-02-10;19,5;408.0
2017-02-11;28,6;479.0
2017-02-12;29,2;451.0
2017-02-13;15,1;245.0
2017-02-14;117,3;3109.0
2017-02-15;105,9;2549.0
2017-02-16;134,6;3374.0
2017-02-17;117,6;2987.0
2017-02-18;109,4;2362.0
2017-02-19;111,7;2770.0
2017-02-20;112,6;2845.0
2017-02-21;50,4;1036.0
2017-02-22;27,6;429.0
2017-02-23;34,4;516.0
2017-02-24;12,4;178.0
2017-02-25;147,7;3106.0
2017-02-26;152,7;3524.0
2017-02-27;145,3;3434.0
2017-02-28;29,1;444.0
2017-03-01;119,6;2574.0
2017-03-02;93,1;1880.0
2017-03-03;106,3;2192.0
2017-03-04;54,8;1258.0
2017-03-05;73,3;1368.0
2017-03-06;131,5;2663.0
2017-03-07;124,3;2114.0
2017-03-08;192;4667.0
2017-03-09;111,1;2273.0
2017-03-10;198,4;4579.0
2017-03-11;202,5;4762.0
2017-03-12;184,4;4440.0
2017-03-13;206,6;4595.0
2017-03-14;180,6;3970.0
2017-03-15;174,2;3698.0
2017-03-16;184,3;4121.0
2017-03-17;200,7;4403.0
2017-03-18;107;1927.0
2017-03-19;77,8;1414.0
2017-03-20;204,7;4396.0
2017-03-21;146,5;3078.0
2017-03-22;31,1;641.0
2017-03-23;141,8;2802.0
2017-03-24;192,8;3935.0
2017-03-25;212,3;4568.0
2017-03-26;84,4;1513.0
2017-03-27;241,6;5183.0
2017-03-28;238,1;4986.0
2017-03-29;237,5;4604.0
2017-03-30;227,4;4635.0
2017-03-31;233,7;4703.0
2017-04-01;237,1;4818.0
2017-04-02;193,8;3619.0
2017-04-03;232,1;4747.0
2017-04-04;157,3;3178.0
2017-04-05;161,4;3244.0
2017-04-06;197;4019.0
2017-04-07;214,2;4129.0
2017-04-08;248,9;4651.0
2017-04-09;259,1;5058.0
2017-04-10;266,4;5137.0
2017-04-11;120;1979.0
2017-04-12;238,4;4716.0
2017-04-13;224,5;4391.0
2017-04-14;262,3;4861.0
2017-04-15;103,6;2038.0
2017-04-16;164,1;2802.0
2017-04-17;209,1;3894.0
2017-04-18;46,5;817.0
2017-04-19;175,8;3044.0
2017-04-20;285,1;4886.0
2017-04-21;302,5;5764.0
2017-04-22;270,6;4994.0
2017-04-23;142,5;2688.0
2017-04-24;117,8;2159.0
2017-04-25;122,8;2262.0
2017-04-26;58,4;863.0
2017-04-27;37,7;679.0
2017-04-28;160,1;2682.0
2017-04-29;146,6;4807.0
2017-04-30;219,2;4709.0
2017-05-01;284,7;4879.0
2017-05-02;276,8;5114.0
2017-05-03;253,6;4119.0
2017-05-04;188,1;3137.0
2017-05-05;167;3029.0
2017-05-06;120,6;4140.0
2017-05-07;221,4;3641.0
2017-05-08;196,2;3414.0
2017-05-09;276,9;3606.0
2017-05-10;268,5;4418.0
2017-05-11;129,8;2309.0
2017-05-12;227,4;3652.0
2017-05-13;156,6;2692.0
2017-05-14;201,1;3695.0
2017-05-15;181,8;2822.0
2017-05-16;301,8;5019.0
2017-05-17;183,2;3236.0
2017-05-18;336,6;5369.0
2017-05-19;322,5;5305.0
2017-05-20;107,9;1124.0
2017-05-21;218,7;3511.0
2017-05-22;319,3;5335.0
2017-05-23;333,1;5201.0
2017-05-24;187,7;3033.0
2017-05-25;258,8;5041.0
2017-05-26;364,9;5679.0
2017-05-27;328,8;5222.0
2017-05-28;325,6;5376.0
2017-05-29;334,6;5182.0
2017-05-30;318,1;4988.0
2017-05-31;305;4788.0
2017-06-01;326;5167.0
2017-06-02;269;4290.0
2017-06-03;276;4500.0
2017-06-04;288,5;4560.0
2017-06-05;159,9;2544.0
2017-06-06;135,6;2289.0
2017-06-07;57,8;1055.0
2017-06-08;335,3;5541.0
2017-06-09;347,6;5546.0
2017-06-10;331,8;4943.0
2017-06-11;367;5267.0
2017-06-12;348,6;5377.0
2017-06-13;299,1;4705.0
2017-06-14;138,6;2393.0
2017-06-15;331,2;5380.0
2017-06-16;197,9;3208.0
2017-06-17;287,4;4476.0
2017-06-18;350,1;5604.0
2017-06-19;356,4;5556.0
2017-06-20;343,8;5342.0
2017-06-21;272,4;4397.0
2017-06-22;327,7;5153.0
2017-06-23;267,7;4368.0
2017-06-24;251,5;3964.0
2017-06-25;114,8;1963.0
2017-06-26;315,3;4865.0
2017-06-27;193,1;3114.0
2017-06-28;114,4;1954.0
2017-06-29;220,9;3354.0
2017-06-30;226,8;3800.0
2017-07-01;324,6;5351.0
2017-07-02;32,9;4018.0
2017-07-03;227,9;4135.0
2017-07-04;323,7;5118.0
2017-07-05;322,3;5132.0
2017-07-06;344,9;5219.0
2017-07-07;269,9;4370.0
2017-07-08;267,9;4186.0
2017-07-09;330,6;5028.0
2017-07-10;331,3;5189.0
2017-07-11;278,3;5084.0
2017-07-12;312,6;4733.0
2017-07-13;248,8;3854.0
2017-07-14;169,6;2765.0
2017-07-15;281,1;4424.0
2017-07-16;28,6;5148.0
2017-07-17;339,5;5497.0
2017-07-18;333,4;5315.0
2017-07-19;307,5;5009.0
2017-07-20;306,9;5123.0
2017-07-21;303;4963.0
2017-07-22;309,1;4982.0
2017-07-23;273;4447.0
2017-07-24;78,8;1535.0
2017-07-25;270,8;4951.0
2017-07-26;157,4;3601.0
2017-07-27;254,9;4436.0
2017-07-28;310,1;5042.0
2017-07-29;309,6;5104.0
2017-07-30;239,4;4036.0
2017-07-31;310,6;4984.0
2017-08-01;303,3;4914.0
2017-08-02;287,1;4788.0
2017-08-03;296,1;4943.0
2017-08-04;292,9;4729.0
2017-08-05;294,1;4828.0
2017-08-06;7,1;2958.0
2017-08-06;169,2;4048.0
2017-08-07;229,2;4048.0
2017-08-08;263,8;4490.0
2017-08-09;240,8;3976.0
2017-08-10;123,8;1982.0
2017-08-11;243,9;4212.0
2017-08-12;152,4;2473.0
2017-08-13;291,1;5152.0
2017-08-14;266,1;5072.0
2017-08-15;292,9;5045.0
2017-08-16;254,4;4475.0
2017-08-17;262;4927.0
2017-08-18;269,7;4735.0
2017-08-19;113,2;2081.0
2017-08-20;11,2;4162.0
2017-08-21;248,8;4764.0
2017-08-22;271,4;5064.0
2017-08-23;266;4966.0
2017-08-24;267,6;4943.0
2017-08-25;249,3;4544.0
2017-08-26;255,5;4645.0
2017-08-27;250,1;4351.0
2017-08-28;192,5;3581.0
2017-08-29;251,1;4345.0
2017-08-30;259,9;4882.0
2017-08-31;254;4820.0
2017-09-01;76,3;1193.0
2017-09-02;49,6;968.0
2017-09-03;180,9;3383.0
2017-09-04;239,6;4531.0
2017-09-05;240,6;4596.0
2017-09-06;179;3540.0
2017-09-07;29,9;482.0
2017-09-08;50,7;1102.0
2017-09-09;67,7;2137.0
2017-09-10;32,5;620.0
2017-09-11;35,8;630.0
2017-09-12;32,5;539.0
2017-09-13;204,5;3962.0
2017-09-14;43,4;941.0
2017-09-15;36,9;648.0
2017-09-16;35,5;564.0
2017-09-17;142;3253.0
2017-09-18;112;1908.0
2017-09-19;22,2;368.0
2017-09-20;77,7;1277.0
2017-09-21;203,1;4313.0
2017-09-22;178,2;3630.0
2017-09-23;184,2;3676.0
2017-09-24;34,2;584.0
2017-09-25;54,6;888.0
2017-09-26;43;650.0
2017-09-27;49,5;1044.0
2017-09-28;161;3222.0
2017-09-29;169,5;3840.0
2017-09-30;180,7;4478.0
2017-10-01;191,6;4376.0
2017-10-02;180,9;3888.0
2017-10-03;23,6;442.0
2017-10-04;117,7;2588.0
2017-10-05;52,5;878.0
2017-10-06;118,6;2464.0
2017-10-07;166,2;3766.0
2017-10-08;140,1;2982.0
2017-10-09;168,5;3581.0
2017-10-10;144;3428.0
2017-10-11;116,6;2646.0
2017-10-12;160;3866.0
2017-10-13;131,8;2915.0
2017-10-14;129,9;3097.0
2017-10-15;115,3;2383.0
2017-10-16;125,6;2878.0
2017-10-17;141;3328.0
2017-10-18;139,6;3422.0
2017-10-19;147,7;3796.0
2017-10-20;139,4;3568.0
2017-10-21;116,9;2624.0
2017-10-22;9,4;119.0
2017-10-23;63,5;1037.0
2017-10-24;168;3860.0
2017-10-25;110,9;2659.0
2017-10-26;121,2;2941.0
2017-10-27;83,4;1886.0
2017-10-28;71,1;1478.0
2017-10-29;79,8;1985.0
2017-10-30;130,9;3508.0
2017-10-31;122,4;3426.0
2017-11-01;97,9;2496.0
2017-11-02;64,3;1325.0
2017-11-03;97,4;2393.0
2017-11-04;62,4;1285.0
2017-11-05;60;1898.0
2017-11-06;10,9;156.0
2017-11-07;7,5;84.0
2017-11-08;23,7;390.0
2017-11-09;15,8;245.0
2017-11-10;49,8;851.0
2017-11-11;54,5;956.0
2017-11-12;30,1;373.0
2017-11-13;17,5;23.0
2017-11-14;67,4;1439.0
2017-11-15;30,1;418.0
2017-11-16;30,1;504.0
2017-11-17;19,2;305.0
2017-11-18;35,8;600.0
2017-11-19;43,7;782.0
2017-11-20;74,9;2132.0
2017-11-21;36,6;652.0
2017-11-22;24,5;402.0
2017-11-23;45,3;824.0
2017-11-24;82,8;2334.0
2017-11-25;7,1;85.0
2017-11-26;31,3;564.0
2017-11-27;80;2344.0
2017-11-28;56,3;1244.0
2017-11-29;8;112.0
2017-11-30;13,9;55.0
2017-12-01;10,9;168.0
2017-12-02;76,3;2035.0
2017-12-03;41;1057.0
2017-12-04;29;467.0
2017-12-05;93,4;2159.0
2017-12-06;84,2;2232.0
2017-12-07;50;1359.0
2017-12-08;16,4;235.0
2017-12-09;43,9;5.0
2017-12-10;29,8;13.0
2017-12-11;28,6;128.0
2017-12-12;16,6;254.0
2017-12-13;16,3;284.0
2017-12-14;10,1;128.0
2017-12-15;14,1;223.0
2017-12-16;25,9;469.0
2017-12-17;23,5;372.0
2017-12-18;29;476.0
2017-12-19;35,9;578.0
2017-12-20;64,8;1651.0
2017-12-21;29,3;500.0
2017-12-22;34,4;509.0
2017-12-23;18,8;298.0
2017-12-24;77,9;1886.0
2017-12-25;88,6;2018.0
2017-12-26;12,8;190.0
2017-12-27;13,2;175.0
2017-12-28;5,4;50.0
2017-12-29;45,1;838.0
2017-12-30;25,5;534.0
2017-12-31;39,1;629.0
2018-01-01;6;106.0
2018-01-02;19,6;280.0
2018-01-03;481;1190.0
2018-01-04;47,1;828.0
2018-01-05;4,3;78.0
2018-01-06;39,4;634.0
2018-01-07;18,5;293.0
2018-01-08;21,3;289.0
2018-01-09;8,5;154.0
2018-01-10;21,8;301.0
2018-01-11;17,5;230.0
2018-01-12;57,7;1269.0
2018-01-13;32,7;568.0
2018-01-14;11,9;196.0
2018-01-15;26,7;498.0
2018-01-16;11,4;147.0
2018-01-17;33,1;635.0
2018-01-18;95,9;2276.0
2018-01-19;8,1;104.0
2018-01-20;71,6;1593.0
2018-01-21;84,2;2438.0
2018-01-22;94,6;2712.0
2018-01-23;94;2824.0
2018-01-24;97,6;2828.0
2018-01-25;79,9;1870.0
2018-01-26;36,9;624.0
2018-01-27;90,9;2511.0
2018-01-28;29;16.0
2018-01-29;66;1499.0
2018-01-30;99,1;2683.0
2018-01-31;19;265.0
2018-02-01;24,5;522.0
2018-02-02;5,2;0.0
2018-02-03;8,6;0.0
2018-02-04;71,6;16.0
2018-02-05;57,7;37.0
2018-02-06;46,7;37.0
2018-02-07;22,5;0.0
2018-02-08;62,8;0.0
2018-02-09;30,4;7.0
2018-02-10;67;73.0
2018-02-11;96,1;187.0
2018-02-12;11,5;0.0
2018-02-13;55,4;5.0
2018-02-14;126,5;186.0
2018-02-15;118,7;412.0
2018-02-16;130,3;785.0
2018-02-17;112,2;914.0
2018-02-18;48,9;456.0
2018-02-19;60,1;539.0
2018-02-20;66,9;828.0
2018-02-21;29,6;436.0
2018-02-22;23,3;25.0
2018-02-23;60,7;73.0
2018-02-24;49,4;301.0
2018-02-25;163,2;1633.0
2018-02-26;66;529.0
2018-02-27;108,6;1230.0
2018-02-28;163,4;2002.0
2018-03-01;79,4;808.0
2018-03-02;37,1;210.0
2018-03-03;37,2;31.0
2018-03-04;63;312.0
2018-03-05;51,8;728.0
2018-03-06;80,1;1.0
2018-03-07;109,3;533.0
2018-03-08;147,2;3098.0
2018-03-09;166,6;4162.0
2018-03-10;76,1;1283.0
2018-03-11;11,9;199.0
2018-03-12;101,8;2229.0
2018-03-13;176;3557.0
2018-03-14;120,8;2154.0
2018-03-15;115,1;2154.0
2018-03-16;55,8;923.0
2018-03-17;25,3;433.0
2018-03-18;27,3;474.0
2018-03-19;58,2;463.0
2018-03-20;60;926.0
2018-03-21;201,9;4426.0
2018-03-22;241,2;5394.0
2018-03-23;180,5;3768.0
2018-03-24;138,8;2336.0
2018-03-25;126,3;2364.0
2018-03-26;211,5;4483.0
2018-03-27;133,8;2703.0
2018-03-28;216,6;4530.0
2018-03-29;24;380.0
2018-03-30;126,7;2462.0
2018-03-31;69,6;1292.0
2018-04-01;162,6;3125.0
2018-04-02;261,7;5268.0
2018-04-03;242,2;4189.0
2018-04-04;77,5;1407.0
2018-04-05;110,6;2086.0
2018-04-06;235,4;4422.0
2018-04-07;257,5;4944.0
2018-04-08;272,6;5239.0
2018-04-09;175,6;3170.0
2018-04-10;147,7;2964.0
2018-04-11;192,5;3689.0
2018-04-12;30,5;518.0
2018-04-13;135,6;2929.0
2018-04-14;275,6;5159.0
2018-04-15;90;1585.0
2018-04-16;129,3;2538.0
2018-04-17;181,7;2828.0
2018-04-18;286,7;5360.0
2018-04-19;290,9;5283.0
2018-04-20;289,8;5113.0
2018-04-21;300,1;5154.0
2018-04-22;296,8;5234.0
2018-04-23;288,8;4987.0
2018-04-24;216,3;4040.0
2018-04-25;281,4;5250.0
2018-04-26;182,1;3102.0
2018-04-27;257,4;4553.0
2018-04-28;289,1;4783.0
2018-04-29;235,4;3968.0
2018-04-30;243,8;4402.0
2018-05-01;222,6;4070.0
2018-05-02;229,8;4064.0
2018-05-03;269,7;4420.0
2018-05-04;67,5;1098.0
2018-05-05;182,6;3167.0
2018-05-06;287,4;4959.0
2018-05-07;298;5057.0
2018-05-08;298;5320.0
2018-05-09;220,5;3907.0
2018-05-10;194,9;3534.0
2018-05-11;151,5;2582.0
2018-05-12;209,9;3551.0
2018-05-13;239,1;3925.0
2018-05-14;134,1;2319.0
2018-05-15;143,6;2512.0
2018-05-16;262,4;4459.0
2018-05-17;199,8;3456.0
2018-05-18;263,1;4207.0
2018-05-19;244,8;3765.0
2018-05-20;206,3;3156.0
2018-05-21;270,1;4597.0
2018-05-22;143,4;2290.0
2018-05-23;171,5;2773.0
2018-05-24;198,1;3019.0
2018-05-25;270,9;4050.0
2018-05-26;288,4;4640.0
2018-05-27;262,4;4364.0
2018-05-28;274,5;4475.0
2018-05-29;159,4;2603.0
2018-05-30;251,8;4206.0
2018-05-31;272;4418.0
2018-06-01;271,9;4102.0
2018-06-02;307,8;4928.0
2018-06-03;322,4;5046.0
2018-06-04;341,4;5306.0
2018-06-05;190,9;2956.0
2018-06-06;310,9;4955.0
2018-06-07;219,2;3522.0
2018-06-08;184,1;2984.0
2018-06-09;286,1;4774.0
2018-06-10;302,6;4604.0
2018-06-11;299,6;4704.0
2018-06-12;223,4;3623.0
2018-06-13;189,6;3011.0
2018-06-14;226;3965.0
2018-06-15;269,8;4183.0
2018-06-16;315,3;5302.0
2018-06-17;198,8;3338.0
2018-06-18;279,2;4326.0
2018-06-19;288,7;4324.0
2018-06-20;329,3;4932.0
2018-06-21;337,1;5304.0
2018-06-22;109;1925.0
2018-06-23;323,3;5112.0
2018-06-24;278,5;4304.0
2018-06-25;176,9;3031.0
2018-06-26;261,2;4336.0
2018-06-27;240,3;3911.0
2018-06-28;140,1;2177.0
2018-06-29;196;3073.0
2018-06-30;272,4;3894.0
2018-07-01;198,7;3564.0
2018-07-02;178,7;1999.0
2018-07-03;213;3487.0
2018-07-04;223;3382.0
2018-07-05;294,4;4633.0
2018-07-06;187,7;3068.0
2018-07-07;300,6;4711.0
2018-07-08;262,3;4038.0
2018-07-09;267,1;3776.0
2018-07-10;267;4240.0
2018-07-11;35,5;565.0
2018-07-12;186,3;3210.0
2018-07-13;250,5;4093.0
2018-07-14;279,2;4298.0
2018-07-15;192,1;3216.0
2018-07-16;226,6;3718.0
2018-07-17;313,2;4772.0
2018-07-18;306,2;4937.0
2018-07-19;339,8;5173.0
2018-07-20;227,1;3728.0
2018-07-21;180,4;2945.0
2018-07-22;191,4;3070.0
2018-07-23;109,4;472.0
2018-07-24;299,6;4935.0
2018-07-25;325,5;4938.0
2018-07-26;218,4;2638.0
2018-07-27;258,6;4420.0
2018-07-28;290,9;4657.0
2018-07-29;291,6;4523.0
2018-07-30;249,8;4350.0
2018-07-31;284,3;4765.0
2018-08-01;291,2;4526.0
2018-08-02;229,9;3708.0
2018-08-03;277,3;4638.0
2018-08-04;278,2;4722.0
2018-08-05;274,7;4581.0
2018-08-06;289;4676.0
2018-08-07;279,4;4606.0
2018-08-08;277,7;4625.0
2018-08-09;305,8;4633.0
2018-08-10;247,5;4321.0
2018-08-11;190,5;3400.0
2018-08-12;277,2;4717.0
2018-08-13;285,3;5028.0
2018-08-14;121,2;1956.0
2018-08-15;212,8;3782.0
2018-08-16;296,2;5174.0
2018-08-17;279,6;4906.0
2018-08-18;278,6;4898.0
2018-08-19;227,5;4208.0
2018-08-20;277,3;4768.0
2018-08-21;261,2;4754.0
2018-08-22;254,1;4675.0
2018-08-23;236,3;4476.0
2018-08-24;217,8;2988.0
2018-08-25;33,9;513.0
2018-08-26;48,6;755.0
2018-08-27;264,1;5216.0
2018-08-28;264,9;4879.0
2018-08-29;255,8;4692.0
2018-08-30;242,4;4462.0
2018-08-31;75,7;1244.0
2018-09-01;44,4;678.0
2018-09-02;94,6;2227.0
2018-09-03;106,6;1267.0
2018-09-04;187,1;3222.0
2018-09-05;205,3;4017.0
2018-09-06;184,8;3622.0
2018-09-07;214;3919.0
2018-09-08;217,2;4253.0
2018-09-09;222,6;4186.0
2018-09-10;214,8;4134.0
2018-09-11;223,7;4234.0
2018-09-12;227,2;4428.0
2018-09-13;172,4;3420.0
2018-09-14;167;3250.0
2018-09-15;133,2;2455.0
2018-09-16;209,4;3997.0
2018-09-17;189,4;3714.0
2018-09-18;192,8;3761.0
2018-09-19;197,2;3833.0
2018-09-20;195,1;4078.0
2018-09-21;188,6;3739.0
2018-09-22;22,1;335.0
2018-09-23;43,3;676.0
2018-09-24;164,8;3630.0
2018-09-25;154,6;3116.0
2018-09-26;218,4;4844.0
2018-09-27;210;4499.0
2018-09-28;205,3;4465.0
2018-09-29;153,6;3276.0
2018-09-30;203,3;4604.0
2018-10-01;106,9;2048.0
2018-10-02;92,1;2032.0
2018-10-03;165,8;3382.0
2018-10-04;182,6;3956.0
2018-10-05;169,9;3638.0
2018-10-06;93,1;1938.0
2018-10-07;50;1544.0
2018-10-08;13,5;1966.0
2018-10-09;109,9;2028.0
2018-10-10;126,7;2633.0
2018-10-11;150;3278.0
2018-10-12;128;2730.0
2018-10-13;131,8;2871.0
2018-10-14;131;2831.0
2018-10-15;35,1;549.0
2018-10-16;70,1;1189.0
2018-10-17;85,5;1855.0
2018-10-18;98,3;1730.0
2018-10-19;113,1;2153.0
2018-10-20;108,7;2304.0
2018-10-21;46,9;974.0
2018-10-22;112,2;2614.0
2018-10-23;132,4;3030.0
2018-10-24;146,7;3494.0
2018-10-25;119,4;2654.0
2018-10-26;33;745.0
2018-10-27;45,5;762.0
2018-10-28;30,7;388.0
2018-10-29;25,9;451.0
2018-10-30;113;2594.0
2018-10-31;73,2;1603.0
2018-11-01;21,8;380.0
2018-11-02;21,4;356.0
2018-11-03;32,3;484.0
2018-11-04;44,2;726.0
2018-11-05;21,5;536.0
2018-11-06;24;439.0
2018-11-07;38;797.0
2018-11-08;76,2;1620.0
2018-11-09;36,1;607.0
2018-11-10;66,6;1417.0
2018-11-11;40,3;1004.0
2018-11-12;63,8;829.0
2018-11-13;50,1;782.0
2018-11-14;41,5;806.0
2018-11-15;53;1009.0
2018-11-16;55,5;1273.0
2018-11-17;97,5;2773.0
2018-11-18;21,6;368.0
2018-11-19;18,9;260.0
2018-11-20;17,1;1.0
2018-11-21;19,7;260.0
2018-11-22;12,8;216.0
2018-11-23;26,8;418.0
2018-11-24;15,4;230.0
2018-11-25;11,5;188.0
2018-11-26;20,6;324.0
2018-11-27;15,1;304.0
2018-11-28;59,4;1766.0
2018-11-29;79,4;2398.0
2018-11-30;40;740.0
2018-12-01;52,8;1210.0
2018-12-02;21,7;301.0
2018-12-03;37,5;637.0
2018-12-04;73,5;2071.0
2018-12-05;26,4;440.0
2018-12-06;34,7;784.0
2018-12-07;47;893.0
2018-12-08;21,3;329.0
2018-12-09;43,6;924.0
2018-12-10;27;408.0
2018-12-11;80;1871.0
2018-12-12;50,8;912.0
2018-12-13;29,1;499.0
2018-12-14;21,1;275.0
2018-12-15;66,6;1649.0
2018-12-16;58,6;1478.0
2018-12-17;43,1;856.0
2018-12-18;24,5;396.0
2018-12-19;23,2;379.0
2018-12-20;16,8;245.0
2018-12-21;19,4;279.0
2018-12-22;13;97.0
2018-12-23;52,4;1250.0
2018-12-24;32,1;584.0
2018-12-25;42,5;834.0
2018-12-26;37,5;920.0
2018-12-27;76,7;1836.0
2018-12-28;30,3;524.0
2018-12-29;67,3;1438.0
2018-12-30;43,1;851.0
2018-12-31;47,2;944.0
2019-01-01;67,6;1781.0
2019-01-02;79,5;1921.0
2019-01-03;70,6;1786.0
2019-01-04;63;2065.0
2019-01-05;31;422.0
2019-01-06;115,2;2112.0
2019-01-07;28,1;426.0
2019-01-08;15,4;239.0
2019-01-09;44,6;925.0
2019-01-10;57,9;1095.0
2019-01-11;58,4;1926.0
2019-01-12;54;1334.0
2019-01-13;74;1961.0
2019-01-14;75,6;2145.0
2019-01-15;90,9;2605.0
2019-01-16;58,8;1166.0
2019-01-17;17,5;221.0
2019-01-18;12,4;2.0
2019-01-19;34,1;40.0
2019-01-20;81,6;446.0
2019-01-21;20,7;168.0
2019-01-22;47,7;641.0
2019-01-23;18,5;66.0
2019-01-24;39,4;77.0
2019-01-25;72,2;720.0
2019-01-26;70,1;1711.0
2019-01-27;55;76.0
2019-01-28;26,6;450.0
2019-01-29;78,1;1925.0
2019-01-30;54,9;1498.0
2019-01-31;38,3;750.0
2019-02-01;11,2;292.0
2019-02-02;12,5;148.0
2019-02-03;68,5;1344.0
2019-02-04;100,3;2507.0
2019-02-05;41,8;648.0
2019-02-06;128,6;3089.0
2019-02-07;97,4;2264.0
2019-02-08;89,4;2034.0
2019-02-09;116;2724.0
2019-02-10;14;210.0
2019-02-11;49,7;814.0
2019-02-12;125,1;3430.0
2019-02-13;133,3;3595.0
2019-02-14;120,8;3058.0
2019-02-15;134,8;3553.0
2019-02-16;135,1;3344.0
2019-02-17;149,3;3802.0
2019-02-18;147,5;3781.0
2019-02-19;141,5;3527.0
2019-02-20;130;3048.0
2019-02-21;134,5;3187.0
2019-02-22;116,2;2003.0
2019-02-23;169,5;4444.0
2019-02-24;143,9;3242.0
2019-02-25;133,5;2963.0
2019-02-26;128,6;2734.0
2019-02-27;169,1;4129.0
2019-02-28;174,1;4176.0
2019-03-01;105,3;2324.0
2019-03-02;116,5;2316.0
2019-03-03;170,8;3932.0
2019-03-04;131;2629.0
2019-03-05;143;2929.0
2019-03-06;133,6;3098.0
2019-03-07;77,9;1406.0
2019-03-08;188,3;3901.0
2019-03-09;167,1;3521.0
2019-03-10;31,9;452.0
2019-03-11;23,9;330.0
2019-03-12;197;4248.0
2019-03-13;84,7;1666.0
2019-03-14;172,1;3469.0
2019-03-15;171,4;3549.0
2019-03-16;129,9;2370.0
2019-03-17;52,3;1014.0
2019-03-18;25,8;407.0
2019-03-19;90,3;1578.0
2019-03-20;213,9;4720.0
2019-03-21;227;4843.0
2019-03-22;227,3;4801.0
2019-03-23;230;4766.0
2019-03-24;232,4;4727.0
2019-03-25;107,5;1844.0
2019-03-26;231,7;5044.0
2019-03-27;102,9;1872.0
2019-03-28;209,3;3732.0
2019-03-29;185,9;3323.0
2019-03-30;316,3;4940.0
2019-03-31;261,9;4922.0
2019-03-31;261,9;4777.0
2019-04-01;241,8;4777.0
2019-04-02;207,6;4020.0
2019-04-03;151,6;2766.0
2019-04-04;85,8;1512.0
2019-04-05;41,4;702.0
2019-04-06;70,3;1263.0
2019-04-07;126,1;2119.0
2019-04-08;99,1;1816.0
2019-04-09;57,4;841.0
2019-04-10;68,5;1267.0
2019-04-11;42,5;692.0
2019-04-12;44,7;709.0
2019-04-13;118,5;2196.0
2019-04-14;64,7;1283.0
2019-04-15;243,4;4478.0
2019-04-16;281,5;5174.0
2019-04-17;281,1;4997.0
2019-04-18;265,2;4388.0
2019-04-19;284,6;5191.0
2019-04-20;296;5270.0
2019-04-21;299,9;5306.0
2019-04-22;294,6;5419.0
2019-04-23;25,9;437.0
2019-04-24;175,1;3102.0
2019-04-25;285,8;5354.0
2019-04-26;210,2;3739.0
2019-04-27;242,8;4013.0
2019-04-28;64,9;1278.0
2019-04-29;111,7;2017.0
2019-04-30;169,1;3007.0
2019-05-01;307,3;5448.0
2019-05-02;303,9;5640.0
2019-05-03;62,8;1026.0
2019-05-04;88,9;1580.0
2019-05-05;53,1;994.0
2019-05-06;166,8;2947.0
2019-05-07;295;5046.0
2019-05-08;191,4;3277.0
2019-05-09;93,8;1402.0
2019-05-10;290,2;4916.0
2019-05-11;216;3491.0
2019-05-12;31,7;552.0
2019-05-13;45;718.0
2019-05-14;59;1096.0
2019-05-15;74,5;1442.0
2019-05-16;162,1;2758.0
2019-05-17;252,7;4238.0
2019-05-18;89;1741.0
2019-05-19;168,7;3126.0
2019-05-20;164,9;2996.0
2019-05-21;99,9;1772.0
2019-05-22;193,7;3102.0
2019-05-23;268,8;4418.0
2019-05-24;336,9;5500.0
2019-05-25;235,6;3862.0
2019-05-26;194,9;3442.0
2019-05-27;56,7;1003.0
2019-05-28;133,2;2239.0
2019-05-29;84,9;1500.0
2019-05-30;145,2;2588.0
2019-05-31;239,5;3751.0
2019-06-01;289,1;4425.0
2019-06-02;291,6;4726.0
2019-06-03;310,2;4903.0
2019-06-04;308,9;4840.0
2019-06-05;327,2;5267.0
2019-06-06;290,7;4658.0
2019-06-07;360,8;5279.0
2019-06-08;341,5;5156.0
2019-06-09;340,2;5200.0
2019-06-10;294,3;4600.0
2019-06-11;170,6;2626.0
2019-06-12;300,1;4517.0
2019-06-13;346,9;5298.0
2019-06-14;347,4;5214.0
2019-06-15;225;3481.0
2019-06-16;310;4656.0
2019-06-17;253,9;4510.0
2019-06-18;253,6;4892.0
2019-06-19;201,8;3350.0
2019-06-20;289,7;4363.0
2019-06-21;268,9;4259.0
2019-06-22;127,8;2018.0
2019-06-23;181;2854.0
2019-06-24;295,5;4775.0
2019-06-25;310,3;4649.0
2019-06-26;347,5;5226.0
2019-06-27;328,7;4840.0
2019-06-28;349,1;5398.0
2019-06-29;355,6;5429.0
2019-06-30;353,5;5303.0
2019-07-01;351,5;5248.0
2019-07-02;285,1;4360.0
2019-07-03;283,2;4474.0
2019-07-04;189,7;3004.0
2019-07-05;310,3;4977.0
2019-07-06;310,1;4932.0
2019-07-07;206,9;3116.0
2019-07-08;191,5;3190.0
2019-07-09;117,1;1897.0
2019-07-10;274;4680.0
2019-07-11;287,4;4802.0
2019-07-12;243,1;3936.0
2019-07-13;248,5;4252.0
2019-07-14;292,4;4636.0
2019-07-15;276,6;4950.0
2019-07-16;322,3;5029.0
2019-07-17;315,2;5059.0
2019-07-18;228,4;3762.0
2019-07-19;330;5108.0
2019-07-20;326,6;5190.0
2019-07-21;246,8;4021.0
2019-07-22;288,4;4684.0
2019-07-23;324,1;5016.0
2019-07-24;304,6;4283.0
2019-07-25;276,4;4390.0
2019-07-26;319,2;5034.0
2019-07-27;218,3;3996.0
2019-07-28;52,7;908.0
2019-07-29;162,7;2399.0
2019-07-30;247,8;4157.0
2019-07-31;226,4;3707.0
2019-08-01;306;4830.0
2019-08-02;133,7;2092.0
2019-08-03;232,2;3894.0
2019-08-04;316,5;5092.0
2019-08-05;252,9;4830.0
2019-08-06;131,1;4568.0
2019-08-07;131,8;4298.0
2019-08-08;38,8;1247.0
2019-08-09;141,4;4597.0
2019-08-10;143,8;4860.0
2019-08-11;106,9;3589.0
2019-08-12;132,1;4447.0
2019-08-13;87,1;1705.0
2019-08-14;168,5;2646.0
2019-08-15;294,1;4975.0
2019-08-16;247,9;4390.0
2019-08-17;263,9;4585.0
2019-08-18;292;5062.0
2019-08-19;279,5;4842.0
2019-08-20;263,3;4694.0
2019-08-21;116,7;2008.0
2019-08-22;157,6;2698.0
2019-08-23;84,9;1356.0
2019-08-24;146,4;2952.0
2019-08-25;221,5;3930.0
2019-08-26;221,5;3011.0
2019-08-27;181,9;4318.0
2019-08-28;218,8;3516.0
2019-08-29;184,8;3328.0
2019-08-30;186,8;2953.0
2019-08-31;171,6;4264.0
2019-09-01;209,6;3756.0
2019-09-02;131,8;2186.0
2019-09-03;199,9;3720.0
2019-09-04;268,6;4928.0
2019-09-05;256,3;4638.0
2019-09-06;27,6;425.0
2019-09-07;62,6;916.0
2019-09-08;26,9;476.0
2019-09-09;185,8;3632.0
2019-09-10;197,8;3814.0
2019-09-11;148,2;2602.0
2019-09-12;216;3976.0
2019-09-13;220,4;4233.0
2019-09-14;184,3;3390.0
2019-09-15;231,1;4598.0
2019-09-16;199,5;3853.0
2019-09-17;189,1;3883.0
2019-09-18;34,8;588.0
2019-09-19;200,6;4128.0
2019-09-20;224,3;4793.0
2019-09-21;224,4;4754.0
2019-09-22;109,2;1993.0
2019-09-23;57,3;926.0
2019-09-24;158,4;2708.0
2019-09-25;63,6;1018.0
2019-09-26;196,8;3792.0
2019-09-27;155,9;3156.0
2019-09-28;53,5;991.0
2019-09-29;107,6;2432.0
2019-09-30;135,4;3048.0
2019-10-01;103,5;1918.0
2019-10-02;69,5;1267.0
2019-10-03;98,6;1859.0
2019-10-04;161,7;3545.0
2019-10-05;149,4;3211.0
2019-10-06;137,9;3140.0
2019-10-07;119,3;2740.0
2019-10-08;173,6;4103.0
2019-10-09;33,8;606.0
2019-10-10;51,9;40.0
2019-10-11;144,9;280.0
2019-10-12;160,8;3636.0
2019-10-13;151,8;3485.0
2019-10-14;149,7;3342.0
2019-10-15;72,4;1584.0
2019-10-16;158,4;3790.0
2019-10-17;141,9;3267.0
2019-10-18;71,6;1444.0
2019-10-19;84,6;1765.0
2019-10-20;44,9;974.0
2019-10-21;79;1951.0
2019-10-22;133,8;3146.0
2019-10-23;111,7;2680.0
2019-10-24;112,1;2555.0
2019-10-25;125;2812.0
2019-10-26;122,1;2878.0
2019-10-27;123;2969.0
2019-10-28;76,3;1504.0
2019-10-29;15,2;228.0
2019-10-30;26,8;377.0
2019-10-31;41,1;612.0
2019-11-01;53,2;1274.0
2019-11-02;36,9;556.0
2019-11-03;66,9;1168.0
2019-11-04;56,7;1404.0
2019-11-05;34,3;428.0
2019-11-06;55,4;1169.0
2019-11-07;54,4;1822.0
2019-11-08;37,1;600.0
2019-11-09;51,4;1093.0
2019-11-10;45,3;842.0
2019-11-11;36,6;653.0
2019-11-12;11,1;148.0
2019-11-13;11,8;161.0
2019-11-14;22,9;329.0
2019-11-15;14,4;241.0
2019-11-16;38,6;648.0
2019-11-17;50,1;907.0
2019-11-18;55,3;1078.0
2019-11-19;45,7;737.0
2019-11-20;20;270.0
2019-11-21;34,5;671.0
2019-11-22;24,4;379.0
2019-11-23;15,5;256.0
2019-11-24;36,4;578.0
2019-11-25;17,8;212.0
2019-11-26;13,6;196.0
2019-11-27;11,3;164.0
2019-11-28;31,4;542.0
2019-11-29;33,8;590.0
2019-11-30;27,8;517.0
2019-12-01;25,6;398.0
2019-12-02;7,1;72.0
2019-12-03;77,2;2234.0
2019-12-04;82,7;2136.0
2019-12-05;49,3;1168.0
2019-12-06;48;856.0
2019-12-07;74,3;1816.0
2019-12-08;50,4;946.0
2019-12-09;17,8;271.0
2019-12-10;59;1164.0
2019-12-11;94;2210.0
2019-12-12;16,9;248.0
2019-12-13;13,1;0.0
2019-12-14;44,5;38.0
2019-12-15;21,9;56.0
2019-12-16;25,7;515.0
2019-12-17;44,1;660.0
2019-12-18;36,1;617.0
2019-12-19;18;282.0
2019-12-20;43,2;877.0
2019-12-21;6,4;65.0
2019-12-22;7,4;74.0
2019-12-23;38,4;643.0
2019-12-24;64;1622.0
2019-12-25;68,9;1364.0
2019-12-26;30,2;2057.0
2019-12-27;28,1;508.0
2019-12-28;68,7;1519.0
2019-12-29;91,6;2104.0
2019-12-30;92,4;2093.0
2019-12-31;60,9;1548.0
2020-01-01;73,5;1895.0
2020-01-02;42,7;686.0
2020-01-03;60,4;1242.0
2020-01-04;60,7;1091.0
2020-01-05;82,4;2269.0
2020-01-06;93,5;2179.0
2020-01-07;74,8;1681.0
2020-01-08;88;2101.0
2020-01-09;76,1;2034.0
2020-01-10;83,3;2262.0
2020-01-11;87;2171.0
2020-01-12;81,1;2252.0
2020-01-13;59,9;1082.0
2020-01-14;72;2024.0
2020-01-15;42,8;703.0
2020-01-16;73,4;1948.0
2020-01-17;60,9;1446.0
2020-01-18;12,1;143.0
2020-01-19;72,6;2236.0
2020-01-20;45,1;793.0
2020-01-21;92;2578.0
2020-01-22;102;2642.0
2020-01-23;48,6;998.0
2020-01-24;72,2;1522.0
2020-01-25;40,5;710.0
2020-01-26;29,6;12.0
2020-01-27;23,9;324.0
2020-01-28;25,4;395.0
2020-01-29;30,1;2212.0
2020-01-30;83,7;1907.0
2020-01-31;95,1;2232.0
2020-02-01;19,9;311.0
2020-02-02;55,9;779.0
2020-02-03;33,4;277.0
2020-02-04;47,3;1177.0
2020-02-05;109,7;2164.0
2020-02-06;125,4;3440.0
2020-02-07;122,2;3160.0
2020-02-08;121,7;3268.0
2020-02-09;109,9;2842.0
2020-02-10;16,2;274.0
2020-02-11;105,9;2090.0
2020-02-12;119,1;2981.0
2020-02-13;124,5;2989.0
2020-02-14;132,5;3301.0
2020-02-15;116;2908.0
2020-02-16;131;3304.0
2020-02-17;28;409.0
2020-02-18;46,4;724.0
2020-02-19;81;2338.0
2020-02-20;107,6;2447.0
2020-02-21;151,6;3755.0
2020-02-22;142,8;3114.0
2020-02-23;88,5;1978.0
2020-02-24;59,4;1084.0
2020-02-25;16,8;262.0
2020-02-26;40,4;580.0
2020-02-27;138,7;2663.0
2020-02-28;180,5;4519.0
2020-02-29;122,9;2242.0
2020-03-01;16,4;257.0
2020-03-02;90,9;2056.0
2020-03-03;75,9;1742.0
2020-03-04;75,5;1411.0
2020-03-05;109,9;2382.0
2020-03-06;49,2;846.0
2020-03-07;126,7;2560.0
2020-03-08;197,4;4554.0
2020-03-09;129,7;2696.0
2020-03-10;120,3;2446.0
2020-03-11;195,3;4314.0
2020-03-12;200,1;4406.0
2020-03-13;29,8;461.0
2020-03-14;145,2;3134.0
2020-03-15;220,9;4952.0
2020-03-16;220,8;4789.0
2020-03-17;215,6;4558.0
2020-03-18;206,3;4238.0
2020-03-19;218,4;4530.0
2020-03-20;220,1;4531.0
2020-03-21;185;3474.0
2020-03-22;186,6;3820.0
2020-03-23;220,1;4438.0
2020-03-24;121,1;2840.0
2020-03-25;86;1552.0
2020-03-26;20,7;169.0
2020-03-27;85;1462.0
2020-03-28;220,4;4465.0
2020-03-29;207,1;3708.0
2020-03-30;39,9;868.0
2020-03-31;216;4988.0
2020-04-01;269,3;5422.0
2020-04-02;267;5234.0
2020-04-03;237,8;4532.0
2020-04-04;236,2;4115.0
2020-04-05;268,5;5212.0
2020-04-06;263,6;5008.0
2020-04-07;281,3;5261.0
2020-04-08;279,2;5135.0
2020-04-09;278,1;4987.0
2020-04-10;265,3;4690.0
2020-04-11;256,9;4438.0
2020-04-12;266,1;4724.0
2020-04-13;242,3;4456.0
2020-04-14;69,4;1308.0
2020-04-15;284,6;5201.0
2020-04-16;277,3;5069.0
2020-04-17;289,3;5128.0
2020-04-18;280,9;4919.0
2020-04-19;272,5;4765.0
2020-04-20;137,2;2323.0
2020-04-21;229,5;4038.0
2020-04-22;272,7;4927.0
2020-04-23;300,3;5266.0
2020-04-24;290,7;5002.0
2020-04-25;281,6;4979.0
2020-04-26;263,6;4733.0
2020-04-27;258,3;4415.0
2020-04-28;112,7;1800.0
2020-04-29;99,4;1686.0
2020-04-30;263,6;4453.0
2020-05-01;222,2;3917.0
2020-05-02;244,8;3990.0
2020-05-03;282,8;4634.0
2020-05-04;311,7;5422.0
2020-05-05;85,9;1456.0
2020-05-06;247,1;4217.0
2020-05-07;334,9;5479.0
2020-05-08;326,1;5419.0
2020-05-09;316,3;5230.0
2020-05-10;240,2;3810.0
2020-05-11;86,8;1436.0
2020-05-12;56,1;1012.0
2020-05-13;175,7;2923.0
2020-05-14;249,9;3878.0
2020-05-15;99,2;1678.0
2020-05-16;132,1;2263.0
2020-05-17;191,2;3292.0
2020-05-18;200,4;3272.0
2020-05-19;51,7;806.0
2020-05-20;164,8;2764.0
2020-05-21;338;5257.0
2020-05-22;257,2;4686.0
2020-05-23;223,3;3598.0
2020-05-24;287,7;4643.0
2020-05-25;229;2976.0
2020-05-26;274,9;4492.0
2020-05-27;304,2;4831.0
2020-05-28;202,6;3330.0
2020-05-29;260,1;4369.0
2020-05-30;179;2899.0
2020-05-31;218,5;3514.0
2020-06-01;294,2;4500.0
2020-06-02;309,5;4374.0
2020-06-03;301,6;4658.0
2020-06-04;159,8;2874.0
2020-06-05;116,6;1970.0
2020-06-06;259,9;3892.0
2020-06-07;272,6;4596.0
2020-06-08;44,5;686.0
2020-06-09;117,6;1812.0
2020-06-10;199,2;3070.0
2020-06-11;328,4;4704.0
2020-06-12;370,1;5677.0
2020-06-13;365,5;5596.0
2020-06-14;297,3;4529.0
2020-06-15;111,8;1940.0
2020-06-16;226;3326.0
2020-06-17;226,3;3466.0
2020-06-18;346,7;5450.0
2020-06-19;272,9;4219.0
2020-06-20;213;3851.0
2020-06-21;146,6;2588.0
2020-06-22;383,4;5304.0
2020-06-23;350,4;5233.0
2020-06-24;334,5;5171.0
2020-06-25;83,8;1465.0
2020-06-26;260,9;4121.0
2020-06-27;346,9;5279.0
2020-06-28;323,5;4796.0
2020-06-29;246,4;3770.0
2020-06-30;223,4;3406.0
2020-07-01;302,5;4558.0
2020-07-02;249,4;3732.0
2020-07-03;124,2;1942.0
2020-07-04;311,9;4712.0
2020-07-05;353;5195.0
2020-07-06;340;4919.0
2020-07-07;305;4756.0
2020-07-08;354,7;5368.0
2020-07-09;349,5;5148.0
2020-07-10;342,9;4985.0
2020-07-11;185;2826.0
2020-07-12;282,3;4524.0
2020-07-13;360,3;5630.0
2020-07-14;302,9;4832.0
2020-07-15;315,8;5099.0
2020-07-16;268,5;4282.0
2020-07-17;190,2;2818.0
2020-07-18;224,3;3492.0
2020-07-19;274,5;4249.0
2020-07-20;337,9;5075.0
2020-07-21;323,9;4826.0
2020-07-22;271,1;4310.0
2020-07-23;293,1;4559.0
2020-07-24;126,8;2017.0
2020-07-25;271,4;4176.0
2020-07-26;262,1;4286.0
2020-07-27;324;4892.0
2020-07-28;320,6;4919.0
2020-07-29;299;4836.0
2020-07-30;259,7;4337.0
2020-07-31;243,4;3930.0
2020-08-01;293,6;4716.0
2020-08-02;72,1;1238.0
2020-08-03;94,6;1505.0
2020-08-04;151,9;2629.0
2020-08-05;133,7;1957.0
2020-08-06;212,9;3467.0
2020-08-07;286,4;4850.0
2020-08-08;299,2;5024.0
2020-08-09;295,5;4776.0
2020-08-10;265,6;4444.0
2020-08-11;178;2881.0
2020-08-12;232,2;4127.0
2020-08-13;262,9;4469.0
2020-08-14;186,3;3152.0
2020-08-15;208;3923.0
2020-08-16;230,5;3822.0
2020-08-17;222,6;3745.0
2020-08-18;147,3;2488.0
2020-08-19;233,4;4114.0
2020-08-20;286,9;5003.0
2020-08-21;282,9;4921.0
2020-08-22;268,3;4661.0
2020-08-23;113,7;1982.0
2020-08-24;130,1;2416.0
2020-08-25;279,3;5129.0
2020-08-26;243,7;4450.0
2020-08-27;261,6;4847.0
2020-08-28;209;4012.0
2020-08-29;145,5;2939.0
2020-08-30;98,4;1632.0
2020-08-31;52,1;869.0
2020-09-01;203;3606.0
2020-09-02;193,9;3620.0
2020-09-03;211,8;4218.0
2020-09-04;241,9;4481.0
2020-09-05;246,3;4706.0
2020-09-06;178,4;3652.0
2020-09-07;73,9;1343.0
2020-09-08;227,3;4339.0
2020-09-09;243,5;4548.0
2020-09-10;217,4;4142.0
2020-09-11;182,1;4092.0
2020-09-12;228,3;4392.0
2020-09-13;220,3;4314.0
2020-09-14;209,5;4079.0
2020-09-15;207,3;4273.0
2020-09-16;170,1;3167.0
2020-09-17;154,2;2857.0
2020-09-18;156,1;3259.0
2020-09-19;202,8;4316.0
2020-09-20;199;4304.0
2020-09-21;116;2497.0
2020-09-22;90,1;1470.0
2020-09-23;112,1;2161.0
2020-09-24;160,5;3403.0
2020-09-25;52,5;955.0
2020-09-26;117,1;2498.0
2020-09-27;108,9;2220.0
2020-09-28;51,8;737.0
2020-09-29;130,8;2694.0
2020-09-30;172,6;3983.0
2020-10-01;152,5;3364.0
2020-10-02;93,5;1703.0
2020-10-03;43,9;715.0
2020-10-04;123,8;2552.0
2020-10-05;101,1;2149.0
2020-10-06;138;2480.0
2020-10-07;51,9;950.0
2020-10-08;130,2;2914.0
2020-10-09;127,2;2393.0
2020-10-10;108,9;2177.0
2020-10-11;7,9;89.0
2020-10-12;68,2;1134.0
2020-10-13;111,6;2155.0
2020-10-14;150,8;3884.0
2020-10-15;8,5;96.0
2020-10-16;85,7;1473.0
2020-10-17;69,6;1350.0
2020-10-18;124;2715.0
2020-10-19;95,8;1904.0
2020-10-20;97,9;2286.0
2020-10-21;103,7;2616.0
2020-10-22;128,3;3327.0
2020-10-23;60,7;1186.0
2020-10-24;35,8;454.0
2020-10-25;76,1;1531.0
2020-10-26;52,1;959.0
2020-10-27;21,8;354.0
2020-10-28;120;2482.0
2020-10-29;94,4;2143.0
2020-10-30;95,8;2341.0
2020-10-31;119,3;2969.0
2020-11-01;79,1;1448.0
2020-11-02;102;2624.0
2020-11-03;115,5;3090.0
2020-11-04;19,8;311.0
2020-11-05;39,4;654.0
2020-11-06;112,3;3215.0
2020-11-07;86,5;1852.0
2020-11-08;59,3;1175.0
2020-11-09;28,7;427.0
2020-11-10;11,5;172.0
2020-11-11;14;193.0
2020-11-12;41,8;728.0
2020-11-13;63,7;1408.0
2020-11-14;85,3;2104.0
2020-11-15;49,1;758.0
2020-11-16;8,3;92.0
2020-11-17;88,7;2111.0
2020-11-18;78,8;1834.0
2020-11-19;16,5;203.0
2020-11-20;44,3;1039.0
2020-11-21;98,6;2940.0
2020-11-22;104,4;2705.0
2020-11-23;78,4;2045.0
2020-11-24;36;685.0
2020-11-25;56,9;1148.0
2020-11-26;23;332.0
2020-11-27;36,6;440.0
2020-11-28;19,6;270.0
2020-11-29;27;478.0
2020-11-30;71,5;1565.0
2020-12-01;14,9;227.0
2020-12-02;7,6;16.0
2020-12-03;25,2;0.0
2020-12-04;28,5;0.0
2020-12-05;33;35.0
2020-12-06;10,1;72.0
2020-12-07;34,3;673.0
2020-12-08;6,4;78.0
2020-12-09;9,1;134.0
2020-12-10;31,6;547.0
2020-12-11;13,1;202.0
2020-12-12;8;108.0
2020-12-13;22,4;386.0
2020-12-14;10,9;146.0
2020-12-15;9,7;143.0
2020-12-16;32,2;517.0
2020-12-17;37,3;677.0
2020-12-18;29;434.0
2020-12-19;17,6;289.0
2020-12-20;6,5;79.0
2020-12-21;9;173.0
2020-12-22;17,8;266.0
2020-12-23;15,8;204.0
2020-12-24;8,8;86.0
2020-12-25;10,6;131.0
2020-12-26;69,3;1802.0
2020-12-27;31;582.0
2020-12-28;4,3;4.0
2020-12-29;14,9;90.0
2020-12-31;39,6;481.0
2021-01-01;37,5;758.0
2021-01-02;14,2;199.0
2021-01-03;16,9;283.0
2021-01-04;15,2;197.0
2021-01-05;29,2;500.0
2021-01-06;18,8;112.0
2021-01-07;24,6;307.0
2021-01-08;18;266.0
2021-01-09;55,1;1242.0
2021-01-10;14,1;163.0
2021-01-11;43,7;484.0
2021-01-12;44,5;874.0
2021-01-13;96,1;2400.0
2021-01-14;47,5;1088.0
2021-01-15;102,9;2676.0
2021-01-16;79,4;1967.0
2021-01-17;49;901.0
2021-01-18;82,1;2010.0
2021-01-19;76,9;1598.0
2021-01-20;15,4;146.0
2021-01-21;42,7;637.0
2021-01-22;44,6;612.0
2021-01-23;23,2;409.0
2021-01-24;19,5;343.0
2021-01-25;42;618.0
2021-01-26;42,5;901.0
2021-01-27;75,7;1522.0
2021-01-28;42,5;773.0
2021-01-29;7,4;46.0
2021-01-30;58;1168.0
2021-01-31;13,1;138.0
2021-02-01;79,2;2172.0
2021-02-02;59,6;1295.0
2021-02-03;13,7;163.0
2021-02-04;47;667.0
2021-02-05;21,5;286.0
2021-02-06;21,9;318.0
2021-02-07;21,7;307.0
2021-02-08;65,1;1219.0
2021-02-09;29,4;553.0
2021-02-10;19,8;410.0
2021-02-11;26,3;277.0
2021-02-12;120,3;3188.0
2021-02-13;147,6;4134.0
2021-02-14;146,4;4132.0
2021-02-15;153,4;4110.0
2021-02-16;133,9;3581.0
2021-02-17;88,1;2038.0
2021-02-18;95,5;2345.0
2021-02-19;50,2;863.0
2021-02-20;107,9;2495.0
2021-02-21;76,3;1497.0
2021-02-22;125,2;3432.0
2021-02-23;152,5;3836.0
2021-02-24;142,5;3449.0
2021-02-25;150,6;3670.0
2021-02-26;163,2;4058.0
2021-02-27;95,6;2220.0
2021-02-28;177,2;4500.0
2021-03-01;176,6;4300.0
2021-03-02;176,4;4315.0
2021-03-03;183,9;4296.0
2021-03-04;157,5;3839.0
2021-03-05;156,3;3352.0
2021-03-06;195,2;4813.0
2021-03-07;210,2;4746.0
2021-03-08;182,1;4290.0
2021-03-09;180;4207.0
2021-03-10;173,6;4138.0
2021-03-11;96,3;1884.0
2021-03-12;19;343.0
2021-03-13;163;2976.0
2021-03-14;17,4;329.0
2021-03-15;210,5;4309.0
2021-03-16;181,8;4025.0
2021-03-17;166,1;3512.0
2021-03-18;189,3;4019.0
2021-03-19;192,1;4384.0
2021-03-20;116,2;2090.0
2021-03-21;211;4736.0
2021-03-22;98,4;2194.0
2021-03-23;227,9;4733.0
2021-03-24;235,4;5050.0
2021-03-25;232,6;4944.0
2021-03-26;231,4;4812.0
2021-03-27;88,6;1711.0
2021-03-28;55,1;928.0
2021-03-29;222,4;4458.0
2021-03-30;241,4;4918.0
2021-03-31;241,1;4820.0
2021-04-01;208,2;4309.0
2021-04-02;154,2;2738.0
2021-04-03;176,4;3214.0
2021-04-04;229,6;4006.0
2021-04-05;256,9;5411.0
2021-04-06;24,9;0.0
2021-04-07;117,8;598.0
2021-04-08;289,3;5086.0
2021-04-09;220;4956.0
2021-04-10;236,4;4517.0
2021-04-11;40,9;732.0
2021-04-12;46,8;863.0
2021-04-13;70,4;1494.0
2021-04-14;201,4;4148.0
2021-04-15;205,8;4542.0
2021-04-16;284;5490.0
2021-04-17;204,3;4315.0
2021-04-18;100,8;2028.0
2021-04-19;174,9;2956.0
2021-04-20;221;3902.0
2021-04-21;274;4995.0
2021-04-22;259;4721.0
2021-04-23;327,2;5315.0
2021-04-24;311,7;4930.0
2021-04-25;289,4;5422.0
2021-04-26;107,5;5600.0
2021-04-27;29,3;5275.0
2021-04-28;91;2071.0
2021-04-29;154;2620.0
2021-04-30;195,7;3497.0
2021-05-01;205,8;3506.0
2021-05-02;89,3;1667.0
2021-05-03;235,7;4446.0
2021-05-04;291,7;5713.0
2021-05-05;159,5;2320.0
2021-05-06;34,6;580.0
2021-05-07;41,1;103.0
2021-05-08;292,6;5365.0
2021-05-09;334,2;5605.0
2021-05-10;321;5551.0
2021-05-11;279;5047.0
2021-05-12;98,2;1824.0
2021-05-13;184,1;3247.0
2021-05-14;158;2503.0
2021-05-15;217,5;3494.0
2021-05-16;195,3;3380.0
2021-05-17;164,8;2744.0
2021-05-18;261,3;4553.0
2021-05-19;99,4;1649.0
2021-05-20;320,3;5158.0
2021-05-21;278,6;4588.0
2021-05-22;121,8;1904.0
2021-05-23;114,5;2064.0
2021-05-24;43,8;779.0
2021-05-25;164,2;2671.0
2021-05-26;334,9;5377.0
2021-05-27;287,6;4759.0
2021-05-28;316,6;5309.0
2021-05-29;180,6;3382.0
2021-05-30;284,1;4531.0
2021-05-31;319,6;5123.0
2021-06-01;308,3;5147.0
2021-06-02;333,4;5425.0
2021-06-03;340,6;5304.0
2021-06-04;337;5261.0
2021-06-05;348;5380.0
2021-06-06;137,5;2216.0
2021-06-07;154,9;2629.0
2021-06-08;307;3436.0
2021-06-09;293,8;3521.0
2021-06-10;161,6;2257.0
2021-06-11;263,8;1598.0
2021-06-12;313,9;5320.0
2021-06-13;314,2;1523.0
2021-06-14;363,2;
2021-06-15;353,1;
2021-06-16;339,1;
2021-06-17;327,4;
2021-06-18;328,1;
2021-06-19;310;
2021-06-20;283,7;
2021-06-21;332,5;4792.0
2021-06-22;348,3;5263.0
2021-06-23;328,3;876.0
2021-06-24;328,7;4111.0
2021-06-25;341,5;5192.0
2021-06-26;353,4;5377.0
2021-06-27;320,3;4936.0
2021-06-28;348,7;5154.0
2021-06-29;325,7;5210.0
2021-06-30;329,9;5066.0
2021-07-01;224,5;3249.0
2021-07-02;279;4388.0
2021-07-03;341,7;5269.0
2021-07-04;139,9;2354.0
2021-07-05;242,3;4294.0
2021-07-06;348,4;5253.0
2021-07-07;344;5179.0
2021-07-08;289,8;4605.0
2021-07-09;343,2;5472.0
2021-07-10;325,9;5124.0
2021-07-11;266,7;4377.0
2021-07-12;290,2;4726.0
2021-07-13;221,1;3667.0
2021-07-14;314,8;4852.0
2021-07-15;297,4;4879.0
2021-07-16;146,5;2438.0
2021-07-17;106,2;1743.0
2021-07-18;141,8;2467.0
2021-07-19;278;5132.0
2021-07-20;306;4812.0
2021-07-21;326;5413.0
2021-07-22;269,1;4402.0
2021-07-23;291,4;4828.0
2021-07-24;282;4689.0
2021-07-25;271,1;4493.0
2021-07-26;255,9;4071.0
2021-07-27;175,8;2813.0
2021-07-28;293,5;5016.0
2021-07-29;271,2;4864.0
2021-07-30;299,2;5024.0
2021-07-31;257,3;4930.0
2021-08-01;138,1;2263.0
2021-08-02;138,5;2658.0
2021-08-03;223,9;3932.0
2021-08-04;159,8;2997.0
2021-08-05;175,3;2974.0
2021-08-06;271;4464.0
2021-08-07;274;4844.0
2021-08-08;235,6;3912.0
2021-08-09;265,1;4393.0
2021-08-10;290,9;4962.0
2021-08-11;269,9;4774.0
2021-08-12;288;4933.0
2021-08-13;268,1;4604.0
2021-08-14;278,1;4643.0
2021-08-15;263,3;4477.0
2021-08-16;249,4;4380.0
2021-08-17;173,9;2943.0
2021-08-18;288,8;3439.0
2021-08-19;271;5067.0
2021-08-20;275,8;4824.0
2021-08-21;270,3;4834.0
2021-08-22;237,4;4356.0
2021-08-23;41;664.0
2021-08-24;239,4;4092.0
2021-08-25;264,2;4976.0
2021-08-26;222,9;4178.0
2021-08-27;219,9;4452.0
2021-08-28;146,4;2666.0
2021-08-29;223,4;4411.0
2021-08-30;137,2;2639.0
2021-08-31;218,1;4049.0
2021-09-01;233,3;4578.0
2021-09-02;258,3;5068.0
2021-09-03;241,8;4958.0
2021-09-04;229,4;4643.0
2021-09-05;238;4370.0
2021-09-06;243,8;4877.0
2021-09-07;203,6;3978.0
2021-09-08;243,7;4946.0
2021-09-09;233,1;4754.0
2021-09-10;231,9;4729.0
2021-09-11;225,9;4582.0
2021-09-12;218,3;4541.0
2021-09-13;208,2;4322.0
2021-09-14;214;4384.0
2021-09-15;173,2;3632.0
2021-09-16;91,2;1765.0
2021-09-17;56;884.0
2021-09-18;167,5;3428.0
2021-09-19;116,3;2238.0
2021-09-20;54,5;1006.0
2021-09-21;135,3;3534.0
2021-09-22;164,6;3796.0
2021-09-23;196,7;4249.0
2021-09-24;205,3;4675.0
2021-09-25;193,6;4182.0
2021-09-26;132,2;3004.0
2021-09-27;98,9;2031.0
2021-09-28;149,6;3303.0
2021-09-29;176,6;3936.0
2021-09-30;103,4;1983.0
2021-10-01;164,8;3394.0
2021-10-02;135,2;2636.0
2021-10-03;61;1091.0
2021-10-04;127,8;2405.0
2021-10-05;83,4;1698.0
2021-10-06;27,6;494.0
2021-10-07;25,9;456.0
2021-10-08;58,6;1071.0
2021-10-09;170,7;4064.0
2021-10-10;33,4;565.0
2021-10-11;76,9;1419.0
2021-10-12;69;1136.0
2021-10-13;134,4;3772.0
2021-10-14;140,3;3174.0
2021-10-15;148,6;3686.0
2021-10-16;138,4;3570.0
2021-10-17;126,5;2815.0
2021-10-18;119;2596.0
2021-10-19;85,8;1586.0
2021-10-20;116,4;2713.0
2021-10-21;15,2;278.0
2021-10-22;35,9;595.0
2021-10-23;61,4;1279.0
2021-10-24;130;3419.0
2021-10-25;113;2618.0
2021-10-26;29,9;534.0
2021-10-27;103,7;2329.0
2021-10-28;105,7;2197.0
2021-10-29;47,9;736.0
2021-10-30;55,4;896.0
2021-10-31;97,9;2486.0
2021-11-01;18,1;281.0
2021-11-02;49,6;898.0
2021-11-03;25,3;438.0
2021-11-04;90,4;2501.0
2021-11-05;28;442.0
2021-11-06;50,4;952.0
2021-11-07;59;1154.0
2021-11-08;25,9;452.0
2021-11-09;62,9;1274.0
2021-11-10;85,8;2132.0
2021-11-11;58,4;1075.0
2021-11-12;13,2;208.0
2021-11-13;46;740.0
2021-11-14;13,5;208.0
2021-11-15;37,8;635.0
2021-11-16;34,1;718.0
2021-11-17;27,9;475.0
2021-11-18;55,1;1232.0
2021-11-19;58,1;1110.0
2021-11-20;50;599.0
2021-11-21;68,6;784.0
2021-11-22;9;128.0
2021-11-23;75,5;2074.0
2021-11-24;61,8;1338.0
2021-11-25;26,4;433.0
2021-11-26;13,1;205.0
2021-11-27;21,1;367.0
2021-11-28;7,8;79.0
2021-11-29;50,5;1131.0
2021-11-30;67,2;1715.0
2021-12-01;19,5;288.0
2021-12-02;7,8;95.0
2021-12-03;39,4;576.0
2021-12-04;53;1273.0
2021-12-05;7,6;83.0
2021-12-06;28,5;373.0
2021-12-07;25,8;340.0
2021-12-08;38,7;718.0
2021-12-09;2,1;0.0
2021-12-10;28,5;4.0
2021-12-11;36,4;21.0
2021-12-12;37,4;29.0
2021-12-13;40,9;60.0
2021-12-14;33,6;94.0
2021-12-15;17,4;89.0
2021-12-16;22,9;240.0
2021-12-17;18,7;241.0
2021-12-18;23,1;324.0
2021-12-19;52,8;750.0
2021-12-20;71,3;1697.0
2021-12-21;30,7;588.0
2021-12-22;22,1;359.0
2021-12-23;39,6;745.0
2021-12-24;13,3;181.0
2021-12-25;12,5;188.0
2021-12-26;12,9;194.0
2021-12-27;29,4;485.0
2021-12-28;28,4;572.0
2021-12-29;18,9;342.0
2021-12-30;31,8;445.0
2021-12-31;39,1;530.0
2022-01-01;55;1022.0
2022-01-02;51,7;812.0
2022-01-03;16,1;224.0
2022-01-04;10,6;198.0
2022-01-05;36,2;608.0
2022-01-06;46,5;197.0
2022-01-07;64,8;683.0
2022-01-08;73,8;1101.0
2022-01-09;35,3;748.0
2022-01-10;84,2;2124.0
2022-01-11;88,8;2446.0
2022-01-12;84,3;2606.0
2022-01-13;97,3;2346.0
2022-01-14;86,2;2530.0
2022-01-15;84,4;2477.0
2022-01-16;39,6;570.0
2022-01-17;57,9;1147.0
2022-01-18;87,1;2674.0
2022-01-19;44,4;589.0
2022-01-20;51,5;1297.0
2022-01-21;87,2;2599.0
2022-01-22;111,8;3025.0
2022-01-23;75,4;2045.0
2022-01-24;10,8;164.0
2022-01-25;93,6;2934.0
2022-01-26;94,5;2831.0
2022-01-27;68,3;1459.0
2022-01-28;108,1;3152.0
2022-01-29;64,7;1330.0
2022-01-30;104,3;3244.0
2022-01-31;9,9;137.0
2022-02-01;80,9;1820.0
2022-02-02;100,1;2584.0
2022-02-03;74,7;1748.0
2022-02-04;65,5;1244.0
2022-02-05;93,5;2570.0
2022-02-06;38,1;731.0
2022-02-07;148,3;3010.0
2022-02-08;123,3;3331.0
2022-02-09;126,8;2702.0
2022-02-10;74,1;2431.0
2022-02-11;64;1518.0
2022-02-12;64,3;1137.0
2022-02-13;130,3;3755.0
2022-02-14;51,7;1086.0
2022-02-15;14,7;241.0
2022-02-16;60;1472.0
2022-02-17;94,9;1410.0
2022-02-18;89,9;2400.0
2022-02-19;12,6;175.0
2022-02-20;63,6;811.0
2022-02-21;17,6;236.0
2022-02-22;134,7;3241.0
2022-02-23;150,5;3905.0
2022-02-24;135,7;3580.0
2022-02-25;57,7;1784.0
2022-02-26;130,7;3274.0
2022-02-27;121,7;2609.0
2022-02-28;137,8;3502.0
2022-03-01;243,4;4534.0
2022-03-02;159;4246.0
2022-03-03;173,6;4361.0
2022-03-04;163,2;4015.0
2022-03-05;100,1;2162.0
2022-03-06;111,8;1604.0
2022-03-07;159,5;4031.0
2022-03-08;190,6;4734.0
2022-03-09;189,6;4651.0
2022-03-10;198,8;4630.0
2022-03-11;158,2;3724.0
2022-03-12;206,6;4955.0
2022-03-13;209,9;5010.0
2022-03-14;199;4736.0
2022-03-15;83,6;1570.0
2022-03-16;124,5;2554.0
2022-03-17;150,7;3161.0
2022-03-18;153,8;2825.0
2022-03-19;212,9;4718.0
2022-03-20;203,4;4585.0
2022-03-21;209,4;4967.0
2022-03-22;222,9;4843.0
2022-03-23;225,5;4784.0
2022-03-24;261,4;4860.0
2022-03-25;234;4604.0
2022-03-26;228,1;4574.0
2022-03-27;232,8;4559.0
2022-03-28;225,3;4579.0
2022-03-29;211,4;4324.0
2022-03-30;40,5;689.0
2022-03-31;43,3;786.0
2022-04-01;81,7;1262.0
2022-04-02;37,6;706.0
2022-04-03;197,7;4328.0
2022-04-04;162,7;3424.0
2022-04-05;248,7;5267.0
2022-04-06;250,8;5179.0
2022-04-07;2339,7;4852.0
2022-04-08;51,1;724.0
2022-04-09;31,1;511.0
2022-04-10;235,5;4570.0
2022-04-11;275;5538.0
2022-04-12;276;5497.0
2022-04-13;269,7;5239.0
2022-04-14;273,7;5190.0
2022-04-15;120,1;2326.0
2022-04-16;180,1;3016.0
2022-04-17;302;6014.0
2022-04-18;266,9;4667.0
2022-04-19;137,1;2669.0
2022-04-20;272,9;5096.0
2022-04-21;142;2784.0
2022-04-22;43;755.0
2022-04-23;134,1;2394.0
2022-04-24;187,7;3186.0
2022-04-25;199,6;3662.0
2022-04-26;149,1;2723.0
2022-04-27;232,4;3674.0
2022-04-28;277,1;4808.0
2022-04-29;311,5;5707.0
2022-04-30;298,5;5495.0
2022-05-01;124,9;2014.0
2022-05-02;223,3;4107.0
2022-05-03;261,5;4620.0
2022-05-04;301,2;5327.0
2022-05-05;218,9;3946.0
2022-05-06;84,2;1452.0
2022-05-07;69,8;1195.0
2022-05-08;206,7;3871.0
2022-05-09;227;4220.0
2022-05-10;284,7;5175.0
2022-05-11;320;5426.0
2022-05-12;323,4;5359.0
2022-05-13;281,5;4781.0
2022-05-14;247,7;4403.0
2022-05-15;320,5;5339.0
2022-05-16;298,1;5281.0
2022-05-17;258,3;4243.0
2022-05-18;325,8;5251.0
2022-05-19;341,7;5526.0
2022-05-20;323,7;5272.0
2022-05-21;256,1;4122.0
2022-05-22;302,2;4878.0
2022-05-23;190,5;3258.0
2022-05-24;273,9;4346.0
2022-05-25;246,2;3983.0
2022-05-26;234;4006.0
2022-05-27;315,4;4880.0
2022-05-28;33;505.0
2022-05-29;49,4;646.0
2022-05-31;290,1;4727.0
2022-06-01;329,5;5021.0
2022-06-02;306,6;4818.0
2022-06-03;205,7;3840.0
2022-06-04;341,3;5304.0
2022-06-05;;4508.0
2022-06-06;198;4864.0
2022-06-07;205,8;3557.0
2022-06-08;175,1;3233.0
2022-06-09;76,4;1256.0
2022-06-10;179,3;2598.0
2022-06-11;281,1;4571.0
2022-06-12;352,6;5395.0
2022-06-13;237,8;3712.0
2022-06-14;354,9;5614.0
2022-06-15;330,9;5248.0
2022-06-16;254,9;4108.0
2022-06-17;301,5;4504.0
2022-06-18;345,6;5357.0
2022-06-19;350,6;5317.0
2022-06-20;282,9;5584.0
2022-06-21;274,8;4451.0
2022-06-22;205,1;3446.0
2022-06-23;241,2;3962.0
2022-06-24;273;4542.0
2022-06-25;258,6;3860.0
2022-06-26;353,5;5410.0
2022-06-27;324,8;4956.0
2022-06-28;240,5;3982.0
2022-06-29;278,8;4094.0
2022-06-30;338,1;5122.0
2022-07-01;265,9;4456.0
2022-07-02;326,1;4913.0
2022-07-03;342,3;5173.0
2022-07-04;280,7;4315.0
2022-07-05;231,4;3553.0
2022-07-06;284,7;4632.0
2022-07-07;194,1;3346.0
2022-07-08;279,1;4453.0
2022-07-09;300,6;4483.0
2022-07-10;199,9;3283.0
2022-07-11;317,6;5347.0
2022-07-12;287,3;4372.0
2022-07-13;344,4;5378.0
2022-07-14;317,1;4859.0
2022-07-15;245,4;4300.0
2022-07-16;328,5;5198.0
2022-07-17;336,7;5435.0
2022-07-18;332,5;5231.0
2022-07-19;334,5;5186.0
2022-07-20;332,8;5118.0
2022-07-21;321,8;4900.0
2022-07-22;310,2;4793.0
2022-07-23;292,3;4537.0
2022-07-24;302,2;4902.0
2022-07-25;312,5;4861.0
2022-07-26;153,9;2418.0
2022-07-27;226,8;3908.0
2022-07-28;279,9;4892.0
2022-07-29;307,7;4980.0
2022-07-30;144,2;2176.0
2022-07-31;221;3704.0
2022-08-01;257,5;4327.0
2022-08-02;221,6;3713.0
2022-08-03;306,6;4771.0
2022-08-04;310,3;4943.0
2022-08-05;302,5;4776.0
2022-08-06;206,5;3325.0
2022-08-07;171,8;2530.0
2022-08-08;171,8;3025.0
2022-08-09;179;5059.0
2022-08-10;296,8;4636.0
2022-08-11;248,3;4604.0
2022-08-12;276;2971.0
2022-08-13;211;1577.0
2022-08-14;91,4;4843.0
2022-08-15;282,4;4610.0
2022-08-15;268,1;4272.0
2022-08-16;254,3;4994.0
2022-08-17;284,2;3563.0
2022-08-18;199;2887.0
2022-08-19;151,3;3845.0
2022-08-20;219,6;2934.0
2022-08-21;137,4;1788.0
2022-08-22;108,8;2329.0
2022-08-23;142,6;3907.0
2022-08-24;175,4;3913.0
2022-08-25;214,3;3933.0
2022-08-26;209,4;2572.0
2022-08-27;126,1;3449.0
2022-08-28;205,4;3449.0
2022-08-29;247,3;3482.0
2022-08-30;85,1;4259.0
2022-08-31;75,5;1454.0
2022-09-01;215,1;1130.0
2022-09-02;215,1;3838.0
2022-09-03;246,2;4590.0
2022-09-04;241,1;4416.0
2022-09-05;197,3;4666.0
2022-09-06;249,4;4411.0
2022-09-07;229,9;970.0
2022-09-08;56,1;1093.0
2022-09-09;60;3856.0
2022-09-10;189,4;3864.0
2022-09-11;204,3;2382.0
2022-09-12;237;4733.0
2022-09-13;239,3;4693.0
2022-09-14;102,7;1608.0
2022-09-15;42,2;761.0
2022-09-16;12,6;148.0
2022-09-17;30,3;446.0
2022-09-18;169,2;3181.0
2022-09-19;225,6;4726.0
2022-09-20;225,4;4614.0
2022-09-21;186,9;3642.0
2022-09-22;207;4274.0
2022-09-23;210,6;4436.0
2022-09-24;55,8;920.0
2022-09-25;23;324.0
2022-09-26;57,1;908.0
2022-09-27;40,8;666.0
2022-09-28;92,7;1649.0
2022-09-29;15,7;220.0
2022-09-30;93,1;1994.0
2022-10-01;135,7;2905.0
2022-10-02;124,9;2526.0
2022-10-03;142,8;3240.0
2022-10-04;158,9;3065.0
2022-10-05;164,4;3476.0
2022-10-06;162,4;3595.0
2022-10-07;123,2;3470.0
2022-10-08;46;2321.0
2022-10-09;143,4;798.0
2022-10-10;135,4;3202.0
2022-10-11;135,4;2612.0
2022-10-12;126,9;2874.0
2022-10-13;122,1;2492.0
2022-10-14;129,8;2918.0
2022-10-15;79,9;1363.0
2022-10-16;117,2;2675.0
2022-10-17;118,6;2515.0
2022-10-18;100,6;2234.0
2022-10-19;110,9;2450.0
2022-10-20;80;1464.0
2022-10-21;56,1;962.0
2022-10-22;6,8;42.0
2022-10-23;54,7;1261.0
2022-10-24;93,7;2018.0
2022-10-25;68,1;1480.0
2022-10-26;90,5;2035.0
2022-10-27;103,7;2400.0
2022-10-28;81,4;1962.0
2022-10-29;91,2;2108.0
2022-10-30;98,6;2530.0
2022-10-31;108,1;2827.0
2022-11-01;117,9;2982.0
2022-11-02;108,4;2759.0
2022-11-03;66,7;1070.0
2022-11-04;29,3;468.0
2022-11-05;63,6;1186.0
2022-11-06;70,4;1313.0
2022-11-07;109;3109.0
2022-11-08;83,3;2008.0
2022-11-09;11,2;121.0
2022-11-10;20,8;323.0
2022-11-11;59,6;1111.0
2022-11-12;61,3;1242.0
2022-11-13;62,1;1111.0
